condition,rough,sigma_k,seed,handoff,w2
ORACLE,mild,0.0,0,1,0.026963302563188747
ORACLE,mild,0.0,0,2,0.025575706018151238
ORACLE,mild,0.0,1,1,0.02519476733505425
ORACLE,mild,0.0,1,2,0.02663952927989116
ORACLE,mild,0.0,2,1,0.025146193782702445
ORACLE,mild,0.0,2,2,0.02466631032753088
ORACLE,mild,0.0,3,1,0.02920819242804054
ORACLE,mild,0.0,3,2,0.03330071311053622
ORACLE,mild,0.0,4,1,0.03153969227465524
ORACLE,mild,0.0,4,2,0.025127818319840477
ORACLE,mild,0.03,0,1,0.0259745927131231
ORACLE,mild,0.03,0,2,0.023451275963398355
ORACLE,mild,0.03,1,1,0.02375102973405974
ORACLE,mild,0.03,1,2,0.02223995343145973
ORACLE,mild,0.03,2,1,0.023970674621641982
ORACLE,mild,0.03,2,2,0.02645719377739667
ORACLE,mild,0.03,3,1,0.026534787642956012
ORACLE,mild,0.03,3,2,0.023873580472506817
ORACLE,mild,0.03,4,1,0.029904450420775587
ORACLE,mild,0.03,4,2,0.02264123922530448
ORACLE,mild,0.06,0,1,0.020191473600847498
ORACLE,mild,0.06,0,2,0.024626604925688057
ORACLE,mild,0.06,1,1,0.01988195605139629
ORACLE,mild,0.06,1,2,0.02219724143056885
ORACLE,mild,0.06,2,1,0.022140040216315385
ORACLE,mild,0.06,2,2,0.02245868315175664
ORACLE,mild,0.06,3,1,0.01790935865699793
ORACLE,mild,0.06,3,2,0.021529701136373973
ORACLE,mild,0.06,4,1,0.026722604081183265
ORACLE,mild,0.06,4,2,0.01907708375656072
ORACLE,mild,0.1,0,1,0.034209347884536154
ORACLE,mild,0.1,0,2,0.02413096439046881
ORACLE,mild,0.1,1,1,0.03252802468423412
ORACLE,mild,0.1,1,2,0.032360398007977596
ORACLE,mild,0.1,2,1,0.04465019797848889
ORACLE,mild,0.1,2,2,0.029252708793431798
ORACLE,mild,0.1,3,1,0.0331911033928461
ORACLE,mild,0.1,3,2,0.045564086734839006
ORACLE,mild,0.1,4,1,0.02626020903482714
ORACLE,mild,0.1,4,2,0.02824835553759212
ORACLE,mild,0.15,0,1,0.07287574904608786
ORACLE,mild,0.15,0,2,0.05977772521558542
ORACLE,mild,0.15,1,1,0.06301568805316432
ORACLE,mild,0.15,1,2,0.07954958663197474
ORACLE,mild,0.15,2,1,0.09230361740130734
ORACLE,mild,0.15,2,2,0.07728715607055335
ORACLE,mild,0.15,3,1,0.08227238612898562
ORACLE,mild,0.15,3,2,0.09161297822368136
ORACLE,mild,0.15,4,1,0.06906155784148545
ORACLE,mild,0.15,4,2,0.06306196630078033
ORACLE,rough,0.0,0,1,0.024755986516363793
ORACLE,rough,0.0,0,2,0.02497825316180682
ORACLE,rough,0.0,1,1,0.025582221525065296
ORACLE,rough,0.0,1,2,0.026774365304437338
ORACLE,rough,0.0,2,1,0.025587965558495778
ORACLE,rough,0.0,2,2,0.01951660409635741
ORACLE,rough,0.0,3,1,0.01973486927230444
ORACLE,rough,0.0,3,2,0.027793199313513508
ORACLE,rough,0.0,4,1,0.025299283750189375
ORACLE,rough,0.0,4,2,0.024681202270907147
ORACLE,rough,0.03,0,1,0.022808482537206427
ORACLE,rough,0.03,0,2,0.025046337860082004
ORACLE,rough,0.03,1,1,0.02625661941994869
ORACLE,rough,0.03,1,2,0.020906026779278077
ORACLE,rough,0.03,2,1,0.02231044491361582
ORACLE,rough,0.03,2,2,0.02049087329388942
ORACLE,rough,0.03,3,1,0.01889474460545693
ORACLE,rough,0.03,3,2,0.020436474709418017
ORACLE,rough,0.03,4,1,0.026106464725666138
ORACLE,rough,0.03,4,2,0.017798783127169746
ORACLE,rough,0.06,0,1,0.01980983409862469
ORACLE,rough,0.06,0,2,0.020953547167055102
ORACLE,rough,0.06,1,1,0.02106897695783687
ORACLE,rough,0.06,1,2,0.021251794247819488
ORACLE,rough,0.06,2,1,0.021650188111842515
ORACLE,rough,0.06,2,2,0.019011031806965544
ORACLE,rough,0.06,3,1,0.015552530602465513
ORACLE,rough,0.06,3,2,0.024858717846885627
ORACLE,rough,0.06,4,1,0.02729270118290192
ORACLE,rough,0.06,4,2,0.02293206003311021
ORACLE,rough,0.1,0,1,0.036691524131709015
ORACLE,rough,0.1,0,2,0.030327887971535114
ORACLE,rough,0.1,1,1,0.035089104902076576
ORACLE,rough,0.1,1,2,0.042626806572431376
ORACLE,rough,0.1,2,1,0.04530193514471732
ORACLE,rough,0.1,2,2,0.039044952130710416
ORACLE,rough,0.1,3,1,0.041581015060366315
ORACLE,rough,0.1,3,2,0.050920683917089385
ORACLE,rough,0.1,4,1,0.03435687527795978
ORACLE,rough,0.1,4,2,0.03518574114666274
ORACLE,rough,0.15,0,1,0.09278187092174381
ORACLE,rough,0.15,0,2,0.0793409366524623
ORACLE,rough,0.15,1,1,0.0732860205720539
ORACLE,rough,0.15,1,2,0.09543697814155212
ORACLE,rough,0.15,2,1,0.10382230860715996
ORACLE,rough,0.15,2,2,0.10496986439584573
ORACLE,rough,0.15,3,1,0.0979388499134267
ORACLE,rough,0.15,3,2,0.10763015739152662
ORACLE,rough,0.15,4,1,0.08352787399521994
ORACLE,rough,0.15,4,2,0.07431346970567856
TRACK,mild,0.0,0,1,0.022848790638599317
TRACK,mild,0.0,0,2,0.028266424927583394
TRACK,mild,0.0,1,1,0.030843269231217985
TRACK,mild,0.0,1,2,0.027370849956704458
TRACK,mild,0.0,2,1,0.02659546786655909
TRACK,mild,0.0,2,2,0.026143540820197306
TRACK,mild,0.0,3,1,0.026822110302996513
TRACK,mild,0.0,3,2,0.025931165758067032
TRACK,mild,0.0,4,1,0.02711967618144217
TRACK,mild,0.0,4,2,0.03094388150818692
TRACK,mild,0.03,0,1,0.029038226352336893
TRACK,mild,0.03,0,2,0.02399535537899938
TRACK,mild,0.03,1,1,0.023094041804790046
TRACK,mild,0.03,1,2,0.023891589665907084
TRACK,mild,0.03,2,1,0.023748613588828328
TRACK,mild,0.03,2,2,0.026580918509196215
TRACK,mild,0.03,3,1,0.020632502440930903
TRACK,mild,0.03,3,2,0.02625127227906605
TRACK,mild,0.03,4,1,0.01879713897073419
TRACK,mild,0.03,4,2,0.021802509746078533
TRACK,mild,0.06,0,1,0.020910643197018894
TRACK,mild,0.06,0,2,0.023604954777227113
TRACK,mild,0.06,1,1,0.01973627471597714
TRACK,mild,0.06,1,2,0.025117809964670747
TRACK,mild,0.06,2,1,0.02060746816242705
TRACK,mild,0.06,2,2,0.025120766741138792
TRACK,mild,0.06,3,1,0.02346561270827558
TRACK,mild,0.06,3,2,0.02718031009955721
TRACK,mild,0.06,4,1,0.019451410842969658
TRACK,mild,0.06,4,2,0.022931185425321205
TRACK,mild,0.1,0,1,0.03230746012877978
TRACK,mild,0.1,0,2,0.025127178953047107
TRACK,mild,0.1,1,1,0.026040986218017315
TRACK,mild,0.1,1,2,0.029785963921364875
TRACK,mild,0.1,2,1,0.03130256272370476
TRACK,mild,0.1,2,2,0.025113109010480805
TRACK,mild,0.1,3,1,0.0294237656474055
TRACK,mild,0.1,3,2,0.036992619375067724
TRACK,mild,0.1,4,1,0.02673568695478098
TRACK,mild,0.1,4,2,0.031167109229663842
TRACK,mild,0.15,0,1,0.05651122940825223
TRACK,mild,0.15,0,2,0.04437598374695113
TRACK,mild,0.15,1,1,0.05507410300799735
TRACK,mild,0.15,1,2,0.0656130985648597
TRACK,mild,0.15,2,1,0.07352965189961425
TRACK,mild,0.15,2,2,0.060830756459099015
TRACK,mild,0.15,3,1,0.06036577169852593
TRACK,mild,0.15,3,2,0.0722905347008623
TRACK,mild,0.15,4,1,0.05781074393504053
TRACK,mild,0.15,4,2,0.05517698077414175
TRACK,rough,0.0,0,1,0.021375098536126885
TRACK,rough,0.0,0,2,0.023406846250722948
TRACK,rough,0.0,1,1,0.019677748028731214
TRACK,rough,0.0,1,2,0.021253995707192663
TRACK,rough,0.0,2,1,0.025315599187853914
TRACK,rough,0.0,2,2,0.026149232225633583
TRACK,rough,0.0,3,1,0.024666857617655136
TRACK,rough,0.0,3,2,0.022077696185243002
TRACK,rough,0.0,4,1,0.019709429783644285
TRACK,rough,0.0,4,2,0.021937753426224463
TRACK,rough,0.03,0,1,0.02631646030306793
TRACK,rough,0.03,0,2,0.019306637507220063
TRACK,rough,0.03,1,1,0.02043510433830274
TRACK,rough,0.03,1,2,0.021299256793772984
TRACK,rough,0.03,2,1,0.024715721027641177
TRACK,rough,0.03,2,2,0.022030902722026506
TRACK,rough,0.03,3,1,0.02232170447652777
TRACK,rough,0.03,3,2,0.022003502437676497
TRACK,rough,0.03,4,1,0.01962426242033279
TRACK,rough,0.03,4,2,0.02173130313710104
TRACK,rough,0.06,0,1,0.022078285573853204
TRACK,rough,0.06,0,2,0.02042886170094713
TRACK,rough,0.06,1,1,0.023912381884690158
TRACK,rough,0.06,1,2,0.020497207971573363
TRACK,rough,0.06,2,1,0.019164504488072453
TRACK,rough,0.06,2,2,0.023517310081043914
TRACK,rough,0.06,3,1,0.020188005608511306
TRACK,rough,0.06,3,2,0.0220643815792056
TRACK,rough,0.06,4,1,0.02012803954253786
TRACK,rough,0.06,4,2,0.02046225177841456
TRACK,rough,0.1,0,1,0.02999073908230884
TRACK,rough,0.1,0,2,0.02409086519019984
TRACK,rough,0.1,1,1,0.031446221974121995
TRACK,rough,0.1,1,2,0.036263280694401524
TRACK,rough,0.1,2,1,0.03628634324242277
TRACK,rough,0.1,2,2,0.039366486476658
TRACK,rough,0.1,3,1,0.037745826743687434
TRACK,rough,0.1,3,2,0.038755589271032065
TRACK,rough,0.1,4,1,0.03418689802568997
TRACK,rough,0.1,4,2,0.0322817786765816
TRACK,rough,0.15,0,1,0.07384885102655267
TRACK,rough,0.15,0,2,0.06453694238929274
TRACK,rough,0.15,1,1,0.0722667738237142
TRACK,rough,0.15,1,2,0.07727278973467627
TRACK,rough,0.15,2,1,0.08879751816498292
TRACK,rough,0.15,2,2,0.09695710111282207
TRACK,rough,0.15,3,1,0.07987511633427351
TRACK,rough,0.15,3,2,0.0928461518173518
TRACK,rough,0.15,4,1,0.07555842961917418
TRACK,rough,0.15,4,2,0.06728488920518418
BRIDGE-plain,mild,0.0,0,1,0.046927771200224504
BRIDGE-plain,mild,0.0,0,2,0.0654462283345367
BRIDGE-plain,mild,0.0,1,1,0.04796940848335948
BRIDGE-plain,mild,0.0,1,2,0.06560141530429918
BRIDGE-plain,mild,0.0,2,1,0.035617842469201556
BRIDGE-plain,mild,0.0,2,2,0.06755910171497544
BRIDGE-plain,mild,0.0,3,1,0.04498825803035801
BRIDGE-plain,mild,0.0,3,2,0.06865361636163199
BRIDGE-plain,mild,0.0,4,1,0.03603665470586747
BRIDGE-plain,mild,0.0,4,2,0.0637778770417185
BRIDGE-plain,mild,0.03,0,1,0.03587008824386935
BRIDGE-plain,mild,0.03,0,2,0.059521161356350105
BRIDGE-plain,mild,0.03,1,1,0.041885271724874974
BRIDGE-plain,mild,0.03,1,2,0.05133811692583404
BRIDGE-plain,mild,0.03,2,1,0.03822524137649705
BRIDGE-plain,mild,0.03,2,2,0.054608934030727724
BRIDGE-plain,mild,0.03,3,1,0.048801326070913656
BRIDGE-plain,mild,0.03,3,2,0.06449467597010673
BRIDGE-plain,mild,0.03,4,1,0.039888339765405824
BRIDGE-plain,mild,0.03,4,2,0.06061569946163604
BRIDGE-plain,mild,0.06,0,1,0.05244165299597899
BRIDGE-plain,mild,0.06,0,2,0.0694188876733805
BRIDGE-plain,mild,0.06,1,1,0.04924923297951148
BRIDGE-plain,mild,0.06,1,2,0.06390646608237519
BRIDGE-plain,mild,0.06,2,1,0.05333917345228186
BRIDGE-plain,mild,0.06,2,2,0.08179180320464478
BRIDGE-plain,mild,0.06,3,1,0.060890166188742316
BRIDGE-plain,mild,0.06,3,2,0.07235691243387239
BRIDGE-plain,mild,0.06,4,1,0.0488962176318044
BRIDGE-plain,mild,0.06,4,2,0.06597317286486833
BRIDGE-plain,mild,0.1,0,1,0.09628672752138154
BRIDGE-plain,mild,0.1,0,2,0.11486247761658466
BRIDGE-plain,mild,0.1,1,1,0.08908153415292064
BRIDGE-plain,mild,0.1,1,2,0.1136134445541488
BRIDGE-plain,mild,0.1,2,1,0.10415761613223122
BRIDGE-plain,mild,0.1,2,2,0.13451429303841966
BRIDGE-plain,mild,0.1,3,1,0.10470187155416248
BRIDGE-plain,mild,0.1,3,2,0.12334687577387063
BRIDGE-plain,mild,0.1,4,1,0.08996794281306335
BRIDGE-plain,mild,0.1,4,2,0.11173043899505357
BRIDGE-plain,mild,0.15,0,1,0.15378734132675637
BRIDGE-plain,mild,0.15,0,2,0.1820672339241424
BRIDGE-plain,mild,0.15,1,1,0.14562207964833052
BRIDGE-plain,mild,0.15,1,2,0.18516499030225633
BRIDGE-plain,mild,0.15,2,1,0.17359339874712723
BRIDGE-plain,mild,0.15,2,2,0.1986532896815169
BRIDGE-plain,mild,0.15,3,1,0.16054371721894856
BRIDGE-plain,mild,0.15,3,2,0.1895927966828494
BRIDGE-plain,mild,0.15,4,1,0.1420064965950854
BRIDGE-plain,mild,0.15,4,2,0.17772569948038877
BRIDGE-plain,rough,0.0,0,1,0.06424448582553706
BRIDGE-plain,rough,0.0,0,2,0.08404238242188249
BRIDGE-plain,rough,0.0,1,1,0.06960203994237105
BRIDGE-plain,rough,0.0,1,2,0.09283814857195682
BRIDGE-plain,rough,0.0,2,1,0.06584309598172547
BRIDGE-plain,rough,0.0,2,2,0.09407096479733247
BRIDGE-plain,rough,0.0,3,1,0.055143128392790806
BRIDGE-plain,rough,0.0,3,2,0.091401046361371
BRIDGE-plain,rough,0.0,4,1,0.053715058677310475
BRIDGE-plain,rough,0.0,4,2,0.08779275474765677
BRIDGE-plain,rough,0.03,0,1,0.0615423248252142
BRIDGE-plain,rough,0.03,0,2,0.08286760487856983
BRIDGE-plain,rough,0.03,1,1,0.0541215666244456
BRIDGE-plain,rough,0.03,1,2,0.08543391819246363
BRIDGE-plain,rough,0.03,2,1,0.05812378153158423
BRIDGE-plain,rough,0.03,2,2,0.08939546670469635
BRIDGE-plain,rough,0.03,3,1,0.07349500257035166
BRIDGE-plain,rough,0.03,3,2,0.09222298992199011
BRIDGE-plain,rough,0.03,4,1,0.06591918467329212
BRIDGE-plain,rough,0.03,4,2,0.09144442279853303
BRIDGE-plain,rough,0.06,0,1,0.0658298506252824
BRIDGE-plain,rough,0.06,0,2,0.09125150425893694
BRIDGE-plain,rough,0.06,1,1,0.06152556779089377
BRIDGE-plain,rough,0.06,1,2,0.08190391274926366
BRIDGE-plain,rough,0.06,2,1,0.0650443319041387
BRIDGE-plain,rough,0.06,2,2,0.09520146155505428
BRIDGE-plain,rough,0.06,3,1,0.0766791971396875
BRIDGE-plain,rough,0.06,3,2,0.09912835202683846
BRIDGE-plain,rough,0.06,4,1,0.0667703123634343
BRIDGE-plain,rough,0.06,4,2,0.08768587033704035
BRIDGE-plain,rough,0.1,0,1,0.08319107692475045
BRIDGE-plain,rough,0.1,0,2,0.11357757147678078
BRIDGE-plain,rough,0.1,1,1,0.08856772308171232
BRIDGE-plain,rough,0.1,1,2,0.11117057482915876
BRIDGE-plain,rough,0.1,2,1,0.09528563621183103
BRIDGE-plain,rough,0.1,2,2,0.12757616244298964
BRIDGE-plain,rough,0.1,3,1,0.09705300837757737
BRIDGE-plain,rough,0.1,3,2,0.12337149138067519
BRIDGE-plain,rough,0.1,4,1,0.08818498814137396
BRIDGE-plain,rough,0.1,4,2,0.1121071249251125
BRIDGE-plain,rough,0.15,0,1,0.12271238846018064
BRIDGE-plain,rough,0.15,0,2,0.15101923860136354
BRIDGE-plain,rough,0.15,1,1,0.12103538642499301
BRIDGE-plain,rough,0.15,1,2,0.15307731310786793
BRIDGE-plain,rough,0.15,2,1,0.14197484293765705
BRIDGE-plain,rough,0.15,2,2,0.17356537789782533
BRIDGE-plain,rough,0.15,3,1,0.139883614137395
BRIDGE-plain,rough,0.15,3,2,0.17826053862255917
BRIDGE-plain,rough,0.15,4,1,0.12005361925878817
BRIDGE-plain,rough,0.15,4,2,0.1489335833915178
BRIDGE-obs,mild,0.0,0,1,0.03827274873502706
BRIDGE-obs,mild,0.0,0,2,0.06401862909699126
BRIDGE-obs,mild,0.0,1,1,0.04372822844835188
BRIDGE-obs,mild,0.0,1,2,0.06411020067951483
BRIDGE-obs,mild,0.0,2,1,0.037178832776588636
BRIDGE-obs,mild,0.0,2,2,0.06670221905493579
BRIDGE-obs,mild,0.0,3,1,0.04557555681797859
BRIDGE-obs,mild,0.0,3,2,0.07221495151944643
BRIDGE-obs,mild,0.0,4,1,0.03761073259231977
BRIDGE-obs,mild,0.0,4,2,0.05836193287347868
BRIDGE-obs,mild,0.03,0,1,0.03912146161744928
BRIDGE-obs,mild,0.03,0,2,0.054122850731840616
BRIDGE-obs,mild,0.03,1,1,0.037666782361549446
BRIDGE-obs,mild,0.03,1,2,0.045869205109873114
BRIDGE-obs,mild,0.03,2,1,0.04304662184822077
BRIDGE-obs,mild,0.03,2,2,0.05839040830374115
BRIDGE-obs,mild,0.03,3,1,0.045673407679617944
BRIDGE-obs,mild,0.03,3,2,0.05692595087066598
BRIDGE-obs,mild,0.03,4,1,0.0388780280206678
BRIDGE-obs,mild,0.03,4,2,0.05772513090230917
BRIDGE-obs,mild,0.06,0,1,0.052224620724975475
BRIDGE-obs,mild,0.06,0,2,0.07411555653358978
BRIDGE-obs,mild,0.06,1,1,0.04731054614756384
BRIDGE-obs,mild,0.06,1,2,0.06560269127385106
BRIDGE-obs,mild,0.06,2,1,0.05820057096912744
BRIDGE-obs,mild,0.06,2,2,0.08260991266390848
BRIDGE-obs,mild,0.06,3,1,0.058105846811879074
BRIDGE-obs,mild,0.06,3,2,0.07642852451222883
BRIDGE-obs,mild,0.06,4,1,0.048079528855815595
BRIDGE-obs,mild,0.06,4,2,0.062195859308126114
BRIDGE-obs,mild,0.1,0,1,0.09575604368425845
BRIDGE-obs,mild,0.1,0,2,0.11854312232397583
BRIDGE-obs,mild,0.1,1,1,0.08808800243459866
BRIDGE-obs,mild,0.1,1,2,0.12588008672055162
BRIDGE-obs,mild,0.1,2,1,0.10654745559025433
BRIDGE-obs,mild,0.1,2,2,0.13853207190807948
BRIDGE-obs,mild,0.1,3,1,0.10270015903740154
BRIDGE-obs,mild,0.1,3,2,0.12753999633254093
BRIDGE-obs,mild,0.1,4,1,0.09005594947800052
BRIDGE-obs,mild,0.1,4,2,0.11324557588166594
BRIDGE-obs,mild,0.15,0,1,0.15457507638364124
BRIDGE-obs,mild,0.15,0,2,0.19298502362752634
BRIDGE-obs,mild,0.15,1,1,0.15002225239343478
BRIDGE-obs,mild,0.15,1,2,0.18632184029443943
BRIDGE-obs,mild,0.15,2,1,0.1755363895124427
BRIDGE-obs,mild,0.15,2,2,0.2036332169733581
BRIDGE-obs,mild,0.15,3,1,0.16079264113576822
BRIDGE-obs,mild,0.15,3,2,0.19970469929529416
BRIDGE-obs,mild,0.15,4,1,0.14347472842822476
BRIDGE-obs,mild,0.15,4,2,0.17907654070028084
BRIDGE-obs,rough,0.0,0,1,0.06292683353519225
BRIDGE-obs,rough,0.0,0,2,0.09186906386756305
BRIDGE-obs,rough,0.0,1,1,0.07381489321324833
BRIDGE-obs,rough,0.0,1,2,0.09072383319703434
BRIDGE-obs,rough,0.0,2,1,0.0695752803091212
BRIDGE-obs,rough,0.0,2,2,0.10312099785945618
BRIDGE-obs,rough,0.0,3,1,0.06421738914764477
BRIDGE-obs,rough,0.0,3,2,0.09772074447211923
BRIDGE-obs,rough,0.0,4,1,0.06112907185030182
BRIDGE-obs,rough,0.0,4,2,0.09281591250851814
BRIDGE-obs,rough,0.03,0,1,0.06469248071436655
BRIDGE-obs,rough,0.03,0,2,0.0949066283971116
BRIDGE-obs,rough,0.03,1,1,0.07324957248504603
BRIDGE-obs,rough,0.03,1,2,0.08146050867722211
BRIDGE-obs,rough,0.03,2,1,0.06934066324276376
BRIDGE-obs,rough,0.03,2,2,0.09834822849004808
BRIDGE-obs,rough,0.03,3,1,0.07782829680521176
BRIDGE-obs,rough,0.03,3,2,0.09447884252013201
BRIDGE-obs,rough,0.03,4,1,0.06554604922728968
BRIDGE-obs,rough,0.03,4,2,0.08893786213790206
BRIDGE-obs,rough,0.06,0,1,0.06823547472667607
BRIDGE-obs,rough,0.06,0,2,0.095061299380544
BRIDGE-obs,rough,0.06,1,1,0.06715675752666257
BRIDGE-obs,rough,0.06,1,2,0.08794871779051816
BRIDGE-obs,rough,0.06,2,1,0.08435493754828548
BRIDGE-obs,rough,0.06,2,2,0.11179253183966754
BRIDGE-obs,rough,0.06,3,1,0.07847867257778263
BRIDGE-obs,rough,0.06,3,2,0.1085362051760675
BRIDGE-obs,rough,0.06,4,1,0.07629486562994113
BRIDGE-obs,rough,0.06,4,2,0.10219550428497651
BRIDGE-obs,rough,0.1,0,1,0.08908362638290235
BRIDGE-obs,rough,0.1,0,2,0.12275303627708047
BRIDGE-obs,rough,0.1,1,1,0.08778120567537046
BRIDGE-obs,rough,0.1,1,2,0.11982046273927129
BRIDGE-obs,rough,0.1,2,1,0.10123438133046223
BRIDGE-obs,rough,0.1,2,2,0.14147053870254145
BRIDGE-obs,rough,0.1,3,1,0.10676051000679979
BRIDGE-obs,rough,0.1,3,2,0.13774424014708644
BRIDGE-obs,rough,0.1,4,1,0.09496136343467791
BRIDGE-obs,rough,0.1,4,2,0.12414339887743465
BRIDGE-obs,rough,0.15,0,1,0.13226327739717608
BRIDGE-obs,rough,0.15,0,2,0.1671595950902742
BRIDGE-obs,rough,0.15,1,1,0.1286811594813912
BRIDGE-obs,rough,0.15,1,2,0.16998476194797552
BRIDGE-obs,rough,0.15,2,1,0.15234388926814535
BRIDGE-obs,rough,0.15,2,2,0.19262641113902804
BRIDGE-obs,rough,0.15,3,1,0.14742690970454608
BRIDGE-obs,rough,0.15,3,2,0.18535937710606315
BRIDGE-obs,rough,0.15,4,1,0.1353932125033271
BRIDGE-obs,rough,0.15,4,2,0.17234431370631054
