condition,rough,sigma_k,success_mean,success_std,effort_mean,effort_std,corridor_dev_mean,corridor_dev_std,rec_median_mean,rec_median_std,never_mean,never_std,n_push,handoff1_w2_mean,handoff2_w2_mean,handoff1_w2_std,handoff2_w2_std
BRIDGE-obs,mild,0.0,0.791,0.06014565653478233,0.23355955418944357,0.0021681061553870274,0.11812518277019261,0.0011470359188685067,,,,,,0.04047321987405319,0.06508158664487339,0.0038896598864109387,0.005018430035679772
BRIDGE-obs,mild,0.03,0.627,0.018234582528810474,0.23570963432639838,0.004131505289816945,0.12415209762752055,0.0016398983359114875,8.2,2.4135036772294343,0.24970245458435442,0.03518926682009221,396.0,0.040877260305501054,0.05460670918368601,0.00335768099019112,0.00514776435674341
BRIDGE-obs,mild,0.06,0.413,0.03365263734092769,0.24258649356663228,0.005372431717554879,0.14169249670952558,0.002481077235351684,12.4,0.8944271909999157,0.3289905409009476,0.02183270432003623,1507.0,0.05278422270187229,0.07219050885834086,0.0052455920852478586,0.008269264191211009
BRIDGE-obs,mild,0.1,0.24500000000000002,0.04690415759823432,0.2592410112954676,0.0069156117679676195,0.17387975224107505,0.00376229011106765,14.0,0.9999999999999999,0.3951390743226223,0.016988592912928653,1876.0,0.0966295220449027,0.12474817063336277,0.007939622429573676,0.009616181280240024
BRIDGE-obs,mild,0.15,0.136,0.019493588689617935,0.2877736546769738,0.008106069697445832,0.21650735583156347,0.0052416990076508355,13.1,1.02469507659596,0.4367031028654833,0.02298840552685968,1988.0,0.15688021757070233,0.1923442641781798,0.012200535962471556,0.009928860819831983
BRIDGE-obs,rough,0.0,0.33999999999999997,0.06254998001598402,0.34822983616590497,0.003725152153239334,0.12504143534600734,0.0006042828679798336,,,,,,0.06633269361110168,0.0952501103809382,0.005235688938425414,0.005145359133851259
BRIDGE-obs,rough,0.03,0.346,0.04954795656734998,0.352246054507792,0.007706186682638344,0.12827927852422,0.0017453608978955399,5.7,1.0954451150103321,0.15338742747216,0.03779414788657322,427.0,0.07013141249493555,0.09162641404448317,0.0054817371653398264,0.0066078152050994725
BRIDGE-obs,rough,0.06,0.298,0.05106368572674714,0.3728566123247147,0.00988278326574137,0.14076870737224817,0.0019479174008739052,9.6,0.8944271909999157,0.23421262403106707,0.01887597261754094,1688.0,0.07490414160186958,0.10110685169435474,0.007220145548080783,0.009749992415350298
BRIDGE-obs,rough,0.1,0.24,0.03741657386773941,0.42262035262584685,0.013390426936376019,0.16645349920541047,0.0037606025069632796,12.3,0.8366600265340755,0.2870705032550262,0.012431230452861333,2155.0,0.09596421736604255,0.12918633534868287,0.00805674393926195,0.009729818876923422
BRIDGE-obs,rough,0.15,0.177,0.031144823004794868,0.514091178946197,0.018739549905999194,0.20316211500763895,0.0051346413513459555,13.6,2.073644135332772,0.3299041886438736,0.01881759612564784,2243.0,0.13922168967091716,0.1774948917979303,0.010169774746032704,0.010960860707629147
BRIDGE-plain,mild,0.0,0.783,0.0352845575287547,0.23377594797313214,0.002832880741854181,0.11771903035789728,0.00048361763807522004,,,,,,0.042307986977802206,0.06620764775143237,0.006013850568717737,0.0019144355086959989
BRIDGE-plain,mild,0.03,0.625,0.03142451272494136,0.2373752195313573,0.003933346527748253,0.12354615055024624,0.0017285880455547773,8.6,2.274862633215465,0.2536054584835073,0.021494868822962282,395.0,0.040934053436312165,0.058115717548930926,0.004921222365094837,0.005175656800071378
BRIDGE-plain,mild,0.06,0.438,0.042367440328629734,0.24789017331600188,0.005465003505195121,0.13977663961052894,0.002727015331682102,12.4,1.140175425099138,0.3417686605176842,0.020259182657974398,1500.0,0.052963288649663806,0.07068944845182824,0.004836942651223093,0.006998377439038949
BRIDGE-plain,mild,0.1,0.279,0.03943348830626072,0.2708307731449604,0.0074210066948158454,0.16957751031965015,0.003977603627857029,13.8,0.44721359549995804,0.39641439807568657,0.02057000902396669,1907.0,0.09683913843475185,0.11961350599561546,0.007467958208201686,0.00944308288763883
BRIDGE-plain,mild,0.15,0.16899999999999998,0.028151376520518502,0.30919359684735537,0.009595990631216727,0.210066370934248,0.005491629103054036,13.6,1.8506755523321747,0.44398649954919717,0.016273052620298545,2024.0,0.1551106067072496,0.18664080201423078,0.012595963344147927,0.00799357133816053
BRIDGE-plain,rough,0.0,0.40700000000000003,0.06629479617586889,0.36291125613451003,0.005498425267772207,0.1252644629403949,0.0007720925686394237,,,,,,0.06170956176394697,0.09002905938003991,0.006943221221892406,0.004091200593272608
BRIDGE-plain,rough,0.03,0.397,0.041922547632509174,0.3689740392118692,0.008196997008944622,0.1284537255242467,0.0018987947409591479,5.8,1.2549900398011133,0.14178352580799577,0.021494711594785467,425.0,0.06264037204497756,0.0882728804992506,0.007462388348400389,0.004006212560239821
BRIDGE-plain,rough,0.06,0.335,0.054658027772688605,0.3960585322454572,0.011065557290013767,0.14034599746763707,0.002151478517428853,9.8,0.44721359549995815,0.21873860348558855,0.01645214792640343,1688.0,0.06716985196468733,0.09103422018542674,0.005673593669408452,0.006661494649354896
BRIDGE-plain,rough,0.1,0.271,0.03629738282576306,0.4584818785190582,0.014884701291851465,0.16440332455933096,0.003666391195390862,12.4,0.8944271909999159,0.27913608154325814,0.008343769986976871,2172.0,0.09045648654744902,0.11756058501094338,0.005664540938157854,0.007424878416167638
BRIDGE-plain,rough,0.15,0.20099999999999998,0.03324154027718933,0.5685140478312969,0.02089678797679558,0.19918812107294798,0.005029284807619995,13.4,1.51657508881031,0.31864121879779683,0.017060494547528508,2266.0,0.12913197024380277,0.16097121032422676,0.010836505223824558,0.013818409337597317
ORACLE,mild,0.0,0.999,0.0022360679774997825,0.9206324812173843,0.004952293040169872,0.20610685829818248,0.0008918946956880974,,,,,,0.02761042967672824,0.027062015411189994,0.0027531167321970754,0.0035633369319662315
ORACLE,mild,0.03,0.992,0.008366600265340755,0.9801972492337226,0.004269955799319472,0.20621522732079028,0.001002299276526994,4.0,0.7071067811865476,0.042844817420159886,0.018075308678995015,375.0,0.026027107026511287,0.02373264857401321,0.0024851424121908705,0.001653896313735283
ORACLE,mild,0.06,0.9480000000000001,0.0044721359549995425,1.107430969119072,0.0040607422886873145,0.20658887591958047,0.0011109585673685699,7.2,0.44721359549995804,0.0706579451772418,0.009652524110682298,1717.0,0.021369086521348075,0.021977862880189648,0.003347482859694625,0.001994399532328507
ORACLE,mild,0.1,0.8620000000000001,0.03174114049620772,1.2895144058465957,0.005932507441109465,0.20953445732593537,0.0014930584851279296,10.8,0.44721359549995815,0.12772496111473736,0.016550371879026495,2648.0,0.03416777659498648,0.03191130269286187,0.006634289483895448,0.008179534922338104
ORACLE,mild,0.15,0.733,0.04410215414239989,1.4918226295709611,0.009687510923290656,0.2195317051410675,0.0022929045286327714,13.4,0.5477225575051661,0.17750025082024154,0.02334825488865986,2978.0,0.07590579969420612,0.07425788248851503,0.01152824444542682,0.012974990106788991
ORACLE,rough,0.0,0.986,0.011937336386313354,1.1580250060558321,0.007193074632140388,0.19492861030995848,0.0007246182858692241,,,,,,0.024192065324483737,0.024748724829404444,0.0025145381348155387,0.0031939150792931505
ORACLE,rough,0.03,0.97,0.007905694150420958,1.2183086520433426,0.006932773417370377,0.1950644588470459,0.00131410994335309,4.0,0.7071067811865476,0.047637822414328894,0.016514452180672008,376.0,0.0232753512403788,0.020935699153967452,0.0030513066307912406,0.002606989080962796
ORACLE,rough,0.06,0.915,0.01903943276465981,1.3462290173768996,0.008023511517250836,0.1957932964116335,0.0013300285810874022,7.8,0.44721359549995787,0.0883144603307771,0.013561208173683333,1688.0,0.0210748461907343,0.021801430220367193,0.004215714605121029,0.0022041245475614996
ORACLE,rough,0.1,0.8099999999999999,0.03221024681681281,1.5250245043635369,0.009467915496107787,0.20020477272570134,0.001882175099424973,10.9,0.7416198487095663,0.14410286083299995,0.014876658268036445,2564.0,0.0386040909033658,0.039621214347685806,0.004684417619404168,0.007795559841420849
ORACLE,rough,0.15,0.648,0.03327912258458748,1.7126515499949455,0.010499333969734745,0.21408653312921527,0.0026517926906882913,13.6,0.547722557505166,0.2056659785172839,0.02346438218645527,2842.0,0.09027138480192086,0.09233828125741307,0.012069565379402805,0.014973519032940833
TRACK,mild,0.0,1.0,0.0,0.9814240614175797,0.0024926320959796685,0.20676389908790588,0.0013970320745401396,,,,,,0.026845862844163015,0.027731172594147823,0.0028325818439831002,0.002030912682111387
TRACK,mild,0.03,0.992,0.0057008771254957145,1.0264263311624526,0.003715446767372255,0.20731679224967955,0.0010796478190257593,3.2,0.4472135954999579,0.03678813149565981,0.0144923716614368,381.0,0.023062104631524073,0.024504329115849453,0.0038819854535314135,0.0019556562664012314
TRACK,mild,0.06,0.96,0.014577379737113264,1.147776340186596,0.004435399311440071,0.2069112721681595,0.0012819577511127985,5.8,0.44721359549995787,0.057261016510339324,0.007880833812895116,1691.0,0.020834281925333663,0.024791005401583015,0.0015889563774969136,0.0016424042689697042
TRACK,mild,0.1,0.873,0.026832815729997468,1.3401975666284562,0.006086148767572898,0.20915252310037613,0.001759054408907085,8.8,0.44721359549995815,0.09331062368974692,0.015593722306643566,2649.0,0.02916209233453767,0.029637196097924867,0.0027464600592452095,0.004931344549505814
TRACK,mild,0.15,0.787,0.03817721833764215,1.560077037155628,0.01150550115226054,0.21608861319720746,0.0025301743540359673,11.2,0.44721359549995776,0.13957013630053328,0.011381113107150332,3120.0,0.060658299989886054,0.059657470849182784,0.007453980456983785,0.010607061825253507
TRACK,rough,0.0,0.974,0.017818529681205477,1.2388848764300344,0.011825441339742292,0.1926546953767538,0.0009011156077861673,,,,,,0.022148946630802285,0.022965104759003332,0.0026937181555832077,0.0019432345582938587
TRACK,rough,0.03,0.9570000000000001,0.013038404810405304,1.2899311931729316,0.012623790918674011,0.19221756620705127,0.0012814861974822416,4.1,0.22360679774997902,0.06239190434245563,0.006261345674789533,400.0,0.02268265051317448,0.021274320519559416,0.0028228280536505756,0.0011385686481669183
TRACK,rough,0.06,0.891,0.03209361307176246,1.430293187737465,0.014207032821818094,0.19182811741530897,0.001368387505189289,6.0,0.7071067811865476,0.08130029461496166,0.013812072872726386,1707.0,0.021094243419532997,0.021394002622236914,0.0018966386461262087,0.0013749308881669644
TRACK,rough,0.1,0.794,0.030290262461721926,1.6384694132208826,0.007875678588666725,0.19529882322996855,0.0019119153226099933,9.1,0.7416198487095663,0.12166734937702679,0.023145090490385403,2646.0,0.033931205813646205,0.034151600061774604,0.0032351895770999953,0.006276256253172582
TRACK,rough,0.15,0.662,0.04009364039345891,1.8539740667343139,0.009866678125871114,0.20657527060806752,0.0024295102518757253,11.8,0.44721359549995804,0.17644499713132272,0.023434377283691573,2961.0,0.07806933779373951,0.0797795748518654,0.006635917556275088,0.014667496612093116
