condition,w,sigma_d,seed,handoff,n_reached,w2
A0.001,0.1,0.0,0,1,200,0.042144241957922476
A0.001,0.1,0.0,0,2,200,0.04021710169802766
A0.001,0.1,0.0,1,1,200,0.027902649954100755
A0.001,0.1,0.0,1,2,200,0.034594558241046944
A0.001,0.1,0.0,2,1,200,0.03451357084001576
A0.001,0.1,0.0,2,2,200,0.032656532538892113
A0.001,0.1,0.0,3,1,200,0.03156335783886618
A0.001,0.1,0.0,3,2,200,0.04186603547144805
A0.001,0.1,0.0,4,1,200,0.0222968085675834
A0.001,0.1,0.0,4,2,200,0.01800913059144869
A0.001,0.1,0.02,0,1,200,0.046872240720824285
A0.001,0.1,0.02,0,2,200,0.0429882400198048
A0.001,0.1,0.02,1,1,200,0.03129287748324685
A0.001,0.1,0.02,1,2,200,0.034826563408493924
A0.001,0.1,0.02,2,1,200,0.032345675698817286
A0.001,0.1,0.02,2,2,200,0.03147850566762266
A0.001,0.1,0.02,3,1,200,0.035365759678509426
A0.001,0.1,0.02,3,2,200,0.041075918206949204
A0.001,0.1,0.02,4,1,200,0.02007806251075691
A0.001,0.1,0.02,4,2,200,0.016729089263011077
A0.001,0.1,0.05,0,1,200,0.0451670547332089
A0.001,0.1,0.05,0,2,200,0.043117183986463636
A0.001,0.1,0.05,1,1,200,0.030034097959319554
A0.001,0.1,0.05,1,2,200,0.03813718924900448
A0.001,0.1,0.05,2,1,200,0.03155184552791918
A0.001,0.1,0.05,2,2,200,0.04397387697295163
A0.001,0.1,0.05,3,1,200,0.035899604670277294
A0.001,0.1,0.05,3,2,200,0.041976005064228855
A0.001,0.1,0.05,4,1,200,0.022617053893616717
A0.001,0.1,0.05,4,2,200,0.02176221030842008
A0.001,0.1,0.1,0,1,200,0.0472777237786305
A0.001,0.1,0.1,0,2,200,0.06323084701897487
A0.001,0.1,0.1,1,1,200,0.03008331358428511
A0.001,0.1,0.1,1,2,200,0.058544530319914544
A0.001,0.1,0.1,2,1,200,0.03805492809615161
A0.001,0.1,0.1,2,2,200,0.06969252410805339
A0.001,0.1,0.1,3,1,200,0.03569430557453061
A0.001,0.1,0.1,3,2,200,0.0669839585891512
A0.001,0.1,0.1,4,1,200,0.021624300176986876
A0.001,0.1,0.1,4,2,200,0.04796810905435031
A0.001,0.2,0.0,0,1,200,0.04971597585587511
A0.001,0.2,0.0,0,2,200,0.031318658744036
A0.001,0.2,0.0,1,1,200,0.04769278117336024
A0.001,0.2,0.0,1,2,200,0.038259354540417755
A0.001,0.2,0.0,2,1,200,0.0358959808232011
A0.001,0.2,0.0,2,2,200,0.020544618532048867
A0.001,0.2,0.0,3,1,200,0.03958660290190891
A0.001,0.2,0.0,3,2,200,0.046126387109995746
A0.001,0.2,0.0,4,1,200,0.031673956624031364
A0.001,0.2,0.0,4,2,200,0.03770392834023502
A0.001,0.2,0.02,0,1,200,0.035801010278646975
A0.001,0.2,0.02,0,2,200,0.03966285128995511
A0.001,0.2,0.02,1,1,200,0.04862551583878508
A0.001,0.2,0.02,1,2,200,0.03176438357700661
A0.001,0.2,0.02,2,1,200,0.033632492139484216
A0.001,0.2,0.02,2,2,200,0.01842563611044233
A0.001,0.2,0.02,3,1,200,0.039554231820014135
A0.001,0.2,0.02,3,2,200,0.03096463228144167
A0.001,0.2,0.02,4,1,200,0.02398358658472905
A0.001,0.2,0.02,4,2,200,0.0407797390131137
A0.001,0.2,0.05,0,1,200,0.04412106151772829
A0.001,0.2,0.05,0,2,200,0.05013057886018172
A0.001,0.2,0.05,1,1,200,0.03137394765967735
A0.001,0.2,0.05,1,2,200,0.03639584454401766
A0.001,0.2,0.05,2,1,200,0.03201382828925769
A0.001,0.2,0.05,2,2,200,0.02814564445826498
A0.001,0.2,0.05,3,1,200,0.03830438144050254
A0.001,0.2,0.05,3,2,200,0.03530303345207767
A0.001,0.2,0.05,4,1,200,0.02545505960058849
A0.001,0.2,0.05,4,2,200,0.034710419560726846
A0.001,0.2,0.1,0,1,200,0.04066245004493963
A0.001,0.2,0.1,0,2,200,0.06242455910152718
A0.001,0.2,0.1,1,1,200,0.040115202697831066
A0.001,0.2,0.1,1,2,200,0.053357968240355394
A0.001,0.2,0.1,2,1,200,0.028747673973395223
A0.001,0.2,0.1,2,2,200,0.0572948565398318
A0.001,0.2,0.1,3,1,200,0.05070582206727268
A0.001,0.2,0.1,3,2,200,0.06278753071330331
A0.001,0.2,0.1,4,1,200,0.02518058947708586
A0.001,0.2,0.1,4,2,200,0.04919504251535781
A0.001,0.4,0.0,0,1,200,0.04354786677814127
A0.001,0.4,0.0,0,2,200,0.045664411425452626
A0.001,0.4,0.0,1,1,200,0.056765951907778354
A0.001,0.4,0.0,1,2,200,0.03566215672272798
A0.001,0.4,0.0,2,1,200,0.02844142031440472
A0.001,0.4,0.0,2,2,200,0.06282315486704694
A0.001,0.4,0.0,3,1,200,0.045773283714077934
A0.001,0.4,0.0,3,2,200,0.05869424417005617
A0.001,0.4,0.0,4,1,200,0.03450313871557264
A0.001,0.4,0.0,4,2,200,0.04754344969691347
A0.001,0.4,0.02,0,1,200,0.03262847237931449
A0.001,0.4,0.02,0,2,200,0.03256558665659277
A0.001,0.4,0.02,1,1,200,0.051422374592442116
A0.001,0.4,0.02,1,2,200,0.041862067041888086
A0.001,0.4,0.02,2,1,200,0.029711974064209466
A0.001,0.4,0.02,2,2,200,0.05554744475416019
A0.001,0.4,0.02,3,1,200,0.05286565143374399
A0.001,0.4,0.02,3,2,200,0.06675153520948024
A0.001,0.4,0.02,4,1,200,0.02146371075679676
A0.001,0.4,0.02,4,2,200,0.04481033236305285
A0.001,0.4,0.05,0,1,200,0.03576871846235528
A0.001,0.4,0.05,0,2,200,0.03489336100369942
A0.001,0.4,0.05,1,1,200,0.04847454005220645
A0.001,0.4,0.05,1,2,200,0.034696458421951355
A0.001,0.4,0.05,2,1,200,0.043700165403245644
A0.001,0.4,0.05,2,2,200,0.061175322976238906
A0.001,0.4,0.05,3,1,200,0.0348008034235462
A0.001,0.4,0.05,3,2,200,0.05812703113572124
A0.001,0.4,0.05,4,1,200,0.03258145786281885
A0.001,0.4,0.05,4,2,200,0.03337700724566408
A0.001,0.4,0.1,0,1,200,0.036816142368653416
A0.001,0.4,0.1,0,2,200,0.05471330140466515
A0.001,0.4,0.1,1,1,200,0.050775960616897806
A0.001,0.4,0.1,1,2,200,0.05385245621042762
A0.001,0.4,0.1,2,1,200,0.024935874051426058
A0.001,0.4,0.1,2,2,200,0.0733666477006483
A0.001,0.4,0.1,3,1,200,0.0557864339427122
A0.001,0.4,0.1,3,2,200,0.07385179679012623
A0.001,0.4,0.1,4,1,200,0.031083551495089165
A0.001,0.4,0.1,4,2,200,0.042409972152177226
A0.003,0.1,0.0,0,1,200,0.030967000425951987
A0.003,0.1,0.0,0,2,200,0.019494907876780144
A0.003,0.1,0.0,1,1,200,0.019307262446803447
A0.003,0.1,0.0,1,2,200,0.014464374000846752
A0.003,0.1,0.0,2,1,200,0.023869413664514665
A0.003,0.1,0.0,2,2,200,0.016267963908097104
A0.003,0.1,0.0,3,1,200,0.02551924538365545
A0.003,0.1,0.0,3,2,200,0.02275695177408837
A0.003,0.1,0.0,4,1,200,0.01551008937076811
A0.003,0.1,0.0,4,2,200,0.016565279773649567
A0.003,0.1,0.02,0,1,200,0.02998825319007206
A0.003,0.1,0.02,0,2,200,0.01890252881969113
A0.003,0.1,0.02,1,1,200,0.02024538045897667
A0.003,0.1,0.02,1,2,200,0.017458402131224557
A0.003,0.1,0.02,2,1,200,0.024947744710737713
A0.003,0.1,0.02,2,2,200,0.01645069545266479
A0.003,0.1,0.02,3,1,200,0.02537841405300797
A0.003,0.1,0.02,3,2,200,0.023554233233910222
A0.003,0.1,0.02,4,1,200,0.017765257635500832
A0.003,0.1,0.02,4,2,200,0.012640946140392361
A0.003,0.1,0.05,0,1,200,0.025452212636654443
A0.003,0.1,0.05,0,2,200,0.02384224049450692
A0.003,0.1,0.05,1,1,200,0.020482095445642525
A0.003,0.1,0.05,1,2,200,0.016915706351795172
A0.003,0.1,0.05,2,1,200,0.02091762394300877
A0.003,0.1,0.05,2,2,200,0.02150243795936104
A0.003,0.1,0.05,3,1,200,0.024806443611668443
A0.003,0.1,0.05,3,2,200,0.0243335387559697
A0.003,0.1,0.05,4,1,200,0.02083384203744627
A0.003,0.1,0.05,4,2,200,0.014977889101658823
A0.003,0.1,0.1,0,1,200,0.030262355687844595
A0.003,0.1,0.1,0,2,200,0.02995785459922471
A0.003,0.1,0.1,1,1,200,0.017391282259341334
A0.003,0.1,0.1,1,2,200,0.027557768472083712
A0.003,0.1,0.1,2,1,200,0.026101872981619294
A0.003,0.1,0.1,2,2,200,0.036409361286793035
A0.003,0.1,0.1,3,1,200,0.026612664600061786
A0.003,0.1,0.1,3,2,200,0.03179401275394447
A0.003,0.1,0.1,4,1,200,0.021702756219403083
A0.003,0.1,0.1,4,2,200,0.025651236985297428
A0.003,0.2,0.0,0,1,200,0.0371689951097314
A0.003,0.2,0.0,0,2,200,0.023426003809253363
A0.003,0.2,0.0,1,1,200,0.0333046150299701
A0.003,0.2,0.0,1,2,200,0.029196650514652478
A0.003,0.2,0.0,2,1,200,0.0209522692868557
A0.003,0.2,0.0,2,2,200,0.017636047829971323
A0.003,0.2,0.0,3,1,200,0.02549939835932094
A0.003,0.2,0.0,3,2,200,0.03871253799794091
A0.003,0.2,0.0,4,1,200,0.019109191557761522
A0.003,0.2,0.0,4,2,200,0.020074941529763513
A0.003,0.2,0.02,0,1,200,0.03742905255504774
A0.003,0.2,0.02,0,2,200,0.023162005841402968
A0.003,0.2,0.02,1,1,200,0.036125654147099465
A0.003,0.2,0.02,1,2,200,0.028330658647753297
A0.003,0.2,0.02,2,1,200,0.017316443688469164
A0.003,0.2,0.02,2,2,200,0.020001222414089338
A0.003,0.2,0.02,3,1,200,0.02823741184504236
A0.003,0.2,0.02,3,2,200,0.03867526912956563
A0.003,0.2,0.02,4,1,200,0.019962018127881516
A0.003,0.2,0.02,4,2,200,0.021617975449666423
A0.003,0.2,0.05,0,1,200,0.04421236165289072
A0.003,0.2,0.05,0,2,200,0.02990606486643009
A0.003,0.2,0.05,1,1,200,0.0367453279976152
A0.003,0.2,0.05,1,2,200,0.025243109224205713
A0.003,0.2,0.05,2,1,200,0.021168848175355463
A0.003,0.2,0.05,2,2,200,0.023235166900719865
A0.003,0.2,0.05,3,1,200,0.029303563073643117
A0.003,0.2,0.05,3,2,200,0.03270021284512948
A0.003,0.2,0.05,4,1,200,0.027844457722265254
A0.003,0.2,0.05,4,2,200,0.02067168602503582
A0.003,0.2,0.1,0,1,200,0.04265020665562189
A0.003,0.2,0.1,0,2,200,0.04689719088822458
A0.003,0.2,0.1,1,1,200,0.03042352030860306
A0.003,0.2,0.1,1,2,200,0.03418931624949779
A0.003,0.2,0.1,2,1,200,0.020187997620749822
A0.003,0.2,0.1,2,2,200,0.03698472300017823
A0.003,0.2,0.1,3,1,200,0.024947054631560148
A0.003,0.2,0.1,3,2,200,0.05166595415492446
A0.003,0.2,0.1,4,1,200,0.021671438246048794
A0.003,0.2,0.1,4,2,200,0.03032745644456542
A0.003,0.4,0.0,0,1,200,0.04847615641597351
A0.003,0.4,0.0,0,2,200,0.05099938395465384
A0.003,0.4,0.0,1,1,200,0.045145839063006454
A0.003,0.4,0.0,1,2,200,0.04868839362910912
A0.003,0.4,0.0,2,1,200,0.0331863298080588
A0.003,0.4,0.0,2,2,200,0.04094601052269116
A0.003,0.4,0.0,3,1,200,0.042863859091141286
A0.003,0.4,0.0,3,2,200,0.044394174395296936
A0.003,0.4,0.0,4,1,200,0.0288642856522482
A0.003,0.4,0.0,4,2,200,0.03260786305267927
A0.003,0.4,0.02,0,1,200,0.04504647574507337
A0.003,0.4,0.02,0,2,200,0.029296281328577742
A0.003,0.4,0.02,1,1,200,0.04513777482477655
A0.003,0.4,0.02,1,2,200,0.0246969186895484
A0.003,0.4,0.02,2,1,200,0.0293587363475075
A0.003,0.4,0.02,2,2,200,0.04302920661874939
A0.003,0.4,0.02,3,1,200,0.03977619138188468
A0.003,0.4,0.02,3,2,200,0.041032136639695516
A0.003,0.4,0.02,4,1,200,0.028232008626713666
A0.003,0.4,0.02,4,2,200,0.03072204288697621
A0.003,0.4,0.05,0,1,200,0.039426732772485075
A0.003,0.4,0.05,0,2,200,0.045485629154227644
A0.003,0.4,0.05,1,1,200,0.041793318274079366
A0.003,0.4,0.05,1,2,200,0.03954018864902629
A0.003,0.4,0.05,2,1,200,0.031178392487012086
A0.003,0.4,0.05,2,2,200,0.05034699381943476
A0.003,0.4,0.05,3,1,200,0.03607587333942694
A0.003,0.4,0.05,3,2,200,0.06079844412364423
A0.003,0.4,0.05,4,1,200,0.03424378412010024
A0.003,0.4,0.05,4,2,200,0.04486793654567786
A0.003,0.4,0.1,0,1,200,0.04324763570104802
A0.003,0.4,0.1,0,2,200,0.052385286685577605
A0.003,0.4,0.1,1,1,200,0.05830315957723389
A0.003,0.4,0.1,1,2,200,0.04111631639089276
A0.003,0.4,0.1,2,1,200,0.02744445373559167
A0.003,0.4,0.1,2,2,200,0.05356280950644668
A0.003,0.4,0.1,3,1,200,0.04716060584365875
A0.003,0.4,0.1,3,2,200,0.059613869059933586
A0.003,0.4,0.1,4,1,200,0.03577963215908627
A0.003,0.4,0.1,4,2,200,0.052801201924470895
A0.01,0.1,0.0,0,1,200,0.014750860701456685
A0.01,0.1,0.0,0,2,200,0.02146214037190626
A0.01,0.1,0.0,1,1,200,0.016077307549265726
A0.01,0.1,0.0,1,2,200,0.027807831432740716
A0.01,0.1,0.0,2,1,200,0.0289659760510915
A0.01,0.1,0.0,2,2,200,0.01862615172789164
A0.01,0.1,0.0,3,1,200,0.015107074876434612
A0.01,0.1,0.0,3,2,200,0.018679311787568542
A0.01,0.1,0.0,4,1,200,0.01546748628554917
A0.01,0.1,0.0,4,2,200,0.016058012402005734
A0.01,0.1,0.02,0,1,200,0.014264828864591808
A0.01,0.1,0.02,0,2,200,0.022776492572220444
A0.01,0.1,0.02,1,1,200,0.018607164854060075
A0.01,0.1,0.02,1,2,200,0.02447895797147788
A0.01,0.1,0.02,2,1,200,0.027937459500344534
A0.01,0.1,0.02,2,2,200,0.02066965496453141
A0.01,0.1,0.02,3,1,200,0.020312627802081047
A0.01,0.1,0.02,3,2,200,0.01835068390378504
A0.01,0.1,0.02,4,1,200,0.017233471043713387
A0.01,0.1,0.02,4,2,200,0.015929402072560935
A0.01,0.1,0.05,0,1,200,0.01329334416722714
A0.01,0.1,0.05,0,2,200,0.020809108909344894
A0.01,0.1,0.05,1,1,200,0.016103098937850526
A0.01,0.1,0.05,1,2,200,0.027886275583058395
A0.01,0.1,0.05,2,1,200,0.027131376183646302
A0.01,0.1,0.05,2,2,200,0.019787972243295315
A0.01,0.1,0.05,3,1,200,0.01659829750885201
A0.01,0.1,0.05,3,2,200,0.018784567655712594
A0.01,0.1,0.05,4,1,200,0.01588141658948364
A0.01,0.1,0.05,4,2,200,0.015840245315321397
A0.01,0.1,0.1,0,1,200,0.013447578270005643
A0.01,0.1,0.1,0,2,200,0.026190512208702256
A0.01,0.1,0.1,1,1,200,0.020493590783462173
A0.01,0.1,0.1,1,2,200,0.02357799831533331
A0.01,0.1,0.1,2,1,200,0.029880215494763003
A0.01,0.1,0.1,2,2,200,0.019858166261236643
A0.01,0.1,0.1,3,1,200,0.017628017330771604
A0.01,0.1,0.1,3,2,200,0.01968004775685837
A0.01,0.1,0.1,4,1,200,0.017400030850786435
A0.01,0.1,0.1,4,2,200,0.019936037799175136
A0.01,0.2,0.0,0,1,200,0.027766911000658173
A0.01,0.2,0.0,0,2,200,0.01833445477290756
A0.01,0.2,0.0,1,1,200,0.02831259707929561
A0.01,0.2,0.0,1,2,200,0.024620356166399134
A0.01,0.2,0.0,2,1,200,0.02046575285644621
A0.01,0.2,0.0,2,2,200,0.0287605809094825
A0.01,0.2,0.0,3,1,200,0.02819158163319846
A0.01,0.2,0.0,3,2,200,0.015282371968087776
A0.01,0.2,0.0,4,1,200,0.02217051454219942
A0.01,0.2,0.0,4,2,200,0.02731072311569621
A0.01,0.2,0.02,0,1,200,0.02639773248499277
A0.01,0.2,0.02,0,2,200,0.02071528746073494
A0.01,0.2,0.02,1,1,200,0.02740361950195565
A0.01,0.2,0.02,1,2,200,0.020961466346366094
A0.01,0.2,0.02,2,1,200,0.020573840407608
A0.01,0.2,0.02,2,2,200,0.023328654022470596
A0.01,0.2,0.02,3,1,200,0.0359082983958242
A0.01,0.2,0.02,3,2,200,0.019742828307178367
A0.01,0.2,0.02,4,1,200,0.025299523667024933
A0.01,0.2,0.02,4,2,200,0.02414262482101011
A0.01,0.2,0.05,0,1,200,0.03250071816364712
A0.01,0.2,0.05,0,2,200,0.0199242804039426
A0.01,0.2,0.05,1,1,200,0.023217135120919358
A0.01,0.2,0.05,1,2,200,0.019109416880870773
A0.01,0.2,0.05,2,1,200,0.019035997420797483
A0.01,0.2,0.05,2,2,200,0.024288627561055594
A0.01,0.2,0.05,3,1,200,0.0318841076673605
A0.01,0.2,0.05,3,2,200,0.029221100540323296
A0.01,0.2,0.05,4,1,200,0.020206891926802178
A0.01,0.2,0.05,4,2,200,0.018620080684185497
A0.01,0.2,0.1,0,1,200,0.02802254063713807
A0.01,0.2,0.1,0,2,200,0.020193358277989643
A0.01,0.2,0.1,1,1,200,0.02874958226911016
A0.01,0.2,0.1,1,2,200,0.01968388642325563
A0.01,0.2,0.1,2,1,200,0.01824396366562151
A0.01,0.2,0.1,2,2,200,0.028373526855567068
A0.01,0.2,0.1,3,1,200,0.03339790110902124
A0.01,0.2,0.1,3,2,200,0.023147294546106086
A0.01,0.2,0.1,4,1,200,0.022355547439399957
A0.01,0.2,0.1,4,2,200,0.029473444427493358
A0.01,0.4,0.0,0,1,200,0.03196564292703819
A0.01,0.4,0.0,0,2,200,0.032095581189622316
A0.01,0.4,0.0,1,1,200,0.027995258254845112
A0.01,0.4,0.0,1,2,200,0.03903852787987911
A0.01,0.4,0.0,2,1,200,0.029398125695583196
A0.01,0.4,0.0,2,2,200,0.03312005764286878
A0.01,0.4,0.0,3,1,200,0.0398766912608087
A0.01,0.4,0.0,3,2,200,0.04956218815881134
A0.01,0.4,0.0,4,1,200,0.02828361874281497
A0.01,0.4,0.0,4,2,200,0.06358719191622497
A0.01,0.4,0.02,0,1,200,0.028433198040192363
A0.01,0.4,0.02,0,2,200,0.024964912522328662
A0.01,0.4,0.02,1,1,200,0.0562598345720706
A0.01,0.4,0.02,1,2,200,0.0380804529091689
A0.01,0.4,0.02,2,1,200,0.025801258685224617
A0.01,0.4,0.02,2,2,200,0.04174788080446446
A0.01,0.4,0.02,3,1,200,0.03523967389088193
A0.01,0.4,0.02,3,2,200,0.044251339414862124
A0.01,0.4,0.02,4,1,200,0.02672394942301095
A0.01,0.4,0.02,4,2,200,0.03506918423947913
A0.01,0.4,0.05,0,1,200,0.046972070581617335
A0.01,0.4,0.05,0,2,200,0.026120722450608792
A0.01,0.4,0.05,1,1,200,0.045987725959708285
A0.01,0.4,0.05,1,2,200,0.0364668868207077
A0.01,0.4,0.05,2,1,200,0.03172397522701942
A0.01,0.4,0.05,2,2,200,0.03837527037327921
A0.01,0.4,0.05,3,1,200,0.042821721108684915
A0.01,0.4,0.05,3,2,200,0.04643822028533996
A0.01,0.4,0.05,4,1,200,0.028602043465225966
A0.01,0.4,0.05,4,2,200,0.035186063243071046
A0.01,0.4,0.1,0,1,200,0.051167793104718216
A0.01,0.4,0.1,0,2,200,0.03648704343531227
A0.01,0.4,0.1,1,1,200,0.04464997401408463
A0.01,0.4,0.1,1,2,200,0.03802182913148593
A0.01,0.4,0.1,2,1,200,0.03012729978569588
A0.01,0.4,0.1,2,2,200,0.05020228801356766
A0.01,0.4,0.1,3,1,200,0.05078207404868449
A0.01,0.4,0.1,3,2,200,0.06276708074462978
A0.01,0.4,0.1,4,1,200,0.04072401744675449
A0.01,0.4,0.1,4,2,200,0.032054135207092126
A0.03,0.1,0.0,0,1,200,0.026896838610719113
A0.03,0.1,0.0,0,2,200,0.040371716349930954
A0.03,0.1,0.0,1,1,200,0.026807137266875624
A0.03,0.1,0.0,1,2,200,0.03230038627424706
A0.03,0.1,0.0,2,1,200,0.03204710271707876
A0.03,0.1,0.0,2,2,200,0.03607946549385612
A0.03,0.1,0.0,3,1,200,0.02815292230896872
A0.03,0.1,0.0,3,2,200,0.028979264765679535
A0.03,0.1,0.0,4,1,200,0.029948770908756472
A0.03,0.1,0.0,4,2,200,0.026088338741965124
A0.03,0.1,0.02,0,1,200,0.026175305529886377
A0.03,0.1,0.02,0,2,200,0.03449129950583869
A0.03,0.1,0.02,1,1,200,0.02830119875611886
A0.03,0.1,0.02,1,2,200,0.031541428824621395
A0.03,0.1,0.02,2,1,200,0.030494186328907855
A0.03,0.1,0.02,2,2,200,0.03684091722608879
A0.03,0.1,0.02,3,1,200,0.028146911338966265
A0.03,0.1,0.02,3,2,200,0.034191188627430494
A0.03,0.1,0.02,4,1,200,0.026685590657197073
A0.03,0.1,0.02,4,2,200,0.026340034300952997
A0.03,0.1,0.05,0,1,200,0.026940714537566784
A0.03,0.1,0.05,0,2,200,0.0360666089436886
A0.03,0.1,0.05,1,1,200,0.029769600210488315
A0.03,0.1,0.05,1,2,200,0.031921939619048226
A0.03,0.1,0.05,2,1,200,0.02947033374157195
A0.03,0.1,0.05,2,2,200,0.03472815111228736
A0.03,0.1,0.05,3,1,200,0.02888831068115566
A0.03,0.1,0.05,3,2,200,0.03194546933293661
A0.03,0.1,0.05,4,1,200,0.025947924155230773
A0.03,0.1,0.05,4,2,200,0.03451891047592723
A0.03,0.1,0.1,0,1,200,0.025983792326820326
A0.03,0.1,0.1,0,2,200,0.037973833821022186
A0.03,0.1,0.1,1,1,200,0.028733630846850024
A0.03,0.1,0.1,1,2,200,0.03317989928818385
A0.03,0.1,0.1,2,1,200,0.028376742171439713
A0.03,0.1,0.1,2,2,200,0.034750562505411656
A0.03,0.1,0.1,3,1,200,0.03044984041319941
A0.03,0.1,0.1,3,2,200,0.03263826465370702
A0.03,0.1,0.1,4,1,200,0.027586081257985506
A0.03,0.1,0.1,4,2,200,0.031954591651540326
A0.03,0.2,0.0,0,1,200,0.031028171714943115
A0.03,0.2,0.0,0,2,200,0.05796356989396216
A0.03,0.2,0.0,1,1,200,0.035967468155096265
A0.03,0.2,0.0,1,2,200,0.04392368420284246
A0.03,0.2,0.0,2,1,200,0.031062599975667803
A0.03,0.2,0.0,2,2,200,0.0336921511506626
A0.03,0.2,0.0,3,1,200,0.025692212062734
A0.03,0.2,0.0,3,2,200,0.02708063128797831
A0.03,0.2,0.0,4,1,200,0.027435687059239506
A0.03,0.2,0.0,4,2,200,0.032268697449589316
A0.03,0.2,0.02,0,1,200,0.033582364531998504
A0.03,0.2,0.02,0,2,200,0.06690709670244999
A0.03,0.2,0.02,1,1,200,0.03980881135176317
A0.03,0.2,0.02,1,2,200,0.040376779518548137
A0.03,0.2,0.02,2,1,200,0.02740303799854829
A0.03,0.2,0.02,2,2,200,0.04336658235340316
A0.03,0.2,0.02,3,1,200,0.027489245538638785
A0.03,0.2,0.02,3,2,200,0.029858102246348203
A0.03,0.2,0.02,4,1,200,0.02766084776884071
A0.03,0.2,0.02,4,2,200,0.03711586159924147
A0.03,0.2,0.05,0,1,200,0.035162784029231876
A0.03,0.2,0.05,0,2,200,0.048515305818562865
A0.03,0.2,0.05,1,1,200,0.028333695631362493
A0.03,0.2,0.05,1,2,200,0.0422598046431519
A0.03,0.2,0.05,2,1,200,0.027056913072235903
A0.03,0.2,0.05,2,2,200,0.038057349417894036
A0.03,0.2,0.05,3,1,200,0.02612984183456634
A0.03,0.2,0.05,3,2,200,0.029123607714374326
A0.03,0.2,0.05,4,1,200,0.028294810029969718
A0.03,0.2,0.05,4,2,200,0.03327020816587901
A0.03,0.2,0.1,0,1,200,0.03353065451880222
A0.03,0.2,0.1,0,2,200,0.0580157051271648
A0.03,0.2,0.1,1,1,200,0.03578300428176252
A0.03,0.2,0.1,1,2,200,0.048922103972464916
A0.03,0.2,0.1,2,1,200,0.02829590557941901
A0.03,0.2,0.1,2,2,200,0.03426743354262252
A0.03,0.2,0.1,3,1,200,0.02661882876753189
A0.03,0.2,0.1,3,2,200,0.03438983388741906
A0.03,0.2,0.1,4,1,200,0.030591007607280056
A0.03,0.2,0.1,4,2,200,0.027474406776098644
A0.03,0.4,0.0,0,1,200,0.051122394983265824
A0.03,0.4,0.0,0,2,200,0.035992767325061285
A0.03,0.4,0.0,1,1,200,0.037484736521534306
A0.03,0.4,0.0,1,2,200,0.03378928135846085
A0.03,0.4,0.0,2,1,200,0.03309082519353436
A0.03,0.4,0.0,2,2,200,0.03525873740337678
A0.03,0.4,0.0,3,1,200,0.048529719568149776
A0.03,0.4,0.0,3,2,200,0.0552383136101908
A0.03,0.4,0.0,4,1,200,0.050590448533894765
A0.03,0.4,0.0,4,2,200,0.05524595661396392
A0.03,0.4,0.02,0,1,200,0.03431567500562158
A0.03,0.4,0.02,0,2,200,0.03559648093145975
A0.03,0.4,0.02,1,1,200,0.03911414274252477
A0.03,0.4,0.02,1,2,200,0.03280241832341807
A0.03,0.4,0.02,2,1,200,0.034318534760291564
A0.03,0.4,0.02,2,2,200,0.036714230507850554
A0.03,0.4,0.02,3,1,200,0.030342124032974552
A0.03,0.4,0.02,3,2,200,0.06089637741684105
A0.03,0.4,0.02,4,1,200,0.0546687769284559
A0.03,0.4,0.02,4,2,200,0.05563001582824553
A0.03,0.4,0.05,0,1,200,0.037655226052645825
A0.03,0.4,0.05,0,2,200,0.0389479389846421
A0.03,0.4,0.05,1,1,200,0.04486551396179411
A0.03,0.4,0.05,1,2,200,0.04169179362677154
A0.03,0.4,0.05,2,1,200,0.03611535955212289
A0.03,0.4,0.05,2,2,200,0.03518973864581666
A0.03,0.4,0.05,3,1,200,0.030936580260520583
A0.03,0.4,0.05,3,2,200,0.05047762732091409
A0.03,0.4,0.05,4,1,200,0.05408065061025051
A0.03,0.4,0.05,4,2,200,0.052921496567360345
A0.03,0.4,0.1,0,1,200,0.03605129670592596
A0.03,0.4,0.1,0,2,200,0.042511302043175915
A0.03,0.4,0.1,1,1,200,0.03769089918617841
A0.03,0.4,0.1,1,2,200,0.04372734048857137
A0.03,0.4,0.1,2,1,200,0.033589786538226106
A0.03,0.4,0.1,2,2,200,0.04217761078235633
A0.03,0.4,0.1,3,1,200,0.04498600971945994
A0.03,0.4,0.1,3,2,200,0.05808686372555319
A0.03,0.4,0.1,4,1,200,0.04735758853031545
A0.03,0.4,0.1,4,2,200,0.04424143037098763
A0.1,0.1,0.0,0,1,200,0.11650590785375994
A0.1,0.1,0.0,0,2,200,0.11602805823585423
A0.1,0.1,0.0,1,1,200,0.1232934202831482
A0.1,0.1,0.0,1,2,200,0.13094402061770194
A0.1,0.1,0.0,2,1,200,0.11389618875009595
A0.1,0.1,0.0,2,2,200,0.12412241563070728
A0.1,0.1,0.0,3,1,200,0.10909822523665362
A0.1,0.1,0.0,3,2,200,0.11403961418816681
A0.1,0.1,0.0,4,1,200,0.1200385670659253
A0.1,0.1,0.0,4,2,200,0.09823500572789397
A0.1,0.1,0.02,0,1,200,0.11555579852772883
A0.1,0.1,0.02,0,2,200,0.11183017739524276
A0.1,0.1,0.02,1,1,200,0.12374586832839281
A0.1,0.1,0.02,1,2,200,0.13283569759495784
A0.1,0.1,0.02,2,1,200,0.11120012702022342
A0.1,0.1,0.02,2,2,200,0.12431007408885636
A0.1,0.1,0.02,3,1,200,0.111010595239966
A0.1,0.1,0.02,3,2,200,0.11785761094042824
A0.1,0.1,0.02,4,1,200,0.11854471378916139
A0.1,0.1,0.02,4,2,200,0.11148833460251584
A0.1,0.1,0.05,0,1,200,0.11388366347434382
A0.1,0.1,0.05,0,2,200,0.11392133389308141
A0.1,0.1,0.05,1,1,200,0.12060020423447151
A0.1,0.1,0.05,1,2,200,0.1053434754406989
A0.1,0.1,0.05,2,1,200,0.11520198229761423
A0.1,0.1,0.05,2,2,200,0.12724809123881295
A0.1,0.1,0.05,3,1,200,0.11112835783842398
A0.1,0.1,0.05,3,2,200,0.11885853401176413
A0.1,0.1,0.05,4,1,200,0.120415556182033
A0.1,0.1,0.05,4,2,200,0.11222232822610875
A0.1,0.1,0.1,0,1,200,0.11271409862611237
A0.1,0.1,0.1,0,2,200,0.1186985963643121
A0.1,0.1,0.1,1,1,200,0.12184419249855562
A0.1,0.1,0.1,1,2,200,0.13540965669508948
A0.1,0.1,0.1,2,1,200,0.1136481402016062
A0.1,0.1,0.1,2,2,200,0.1278776268255652
A0.1,0.1,0.1,3,1,200,0.11144053711112088
A0.1,0.1,0.1,3,2,200,0.12026311828036344
A0.1,0.1,0.1,4,1,200,0.11706035982190377
A0.1,0.1,0.1,4,2,200,0.09718899331237965
A0.1,0.2,0.0,0,1,200,0.10334256461471705
A0.1,0.2,0.0,0,2,200,0.09832039916681017
A0.1,0.2,0.0,1,1,200,0.10213401854401631
A0.1,0.2,0.0,1,2,200,0.1212466502713429
A0.1,0.2,0.0,2,1,200,0.09737972317868054
A0.1,0.2,0.0,2,2,200,0.10601156359339772
A0.1,0.2,0.0,3,1,200,0.09977082583197454
A0.1,0.2,0.0,3,2,200,0.09258476591530329
A0.1,0.2,0.0,4,1,200,0.10068555449703247
A0.1,0.2,0.0,4,2,200,0.09318730894027319
A0.1,0.2,0.02,0,1,200,0.10246926525214554
A0.1,0.2,0.02,0,2,200,0.0922019632002484
A0.1,0.2,0.02,1,1,200,0.10762271943396172
A0.1,0.2,0.02,1,2,200,0.11705303600351634
A0.1,0.2,0.02,2,1,200,0.09990571515132121
A0.1,0.2,0.02,2,2,200,0.10983680226891614
A0.1,0.2,0.02,3,1,200,0.09854372739689286
A0.1,0.2,0.02,3,2,200,0.09689131105051195
A0.1,0.2,0.02,4,1,200,0.09740931569333558
A0.1,0.2,0.02,4,2,200,0.09489021612691287
A0.1,0.2,0.05,0,1,200,0.10686222246960711
A0.1,0.2,0.05,0,2,200,0.09752887898594319
A0.1,0.2,0.05,1,1,200,0.10558690746766847
A0.1,0.2,0.05,1,2,200,0.08652709203378936
A0.1,0.2,0.05,2,1,200,0.09487137021064809
A0.1,0.2,0.05,2,2,200,0.10620516036508995
A0.1,0.2,0.05,3,1,200,0.10094490664113272
A0.1,0.2,0.05,3,2,200,0.094762913891469
A0.1,0.2,0.05,4,1,200,0.0945731234882205
A0.1,0.2,0.05,4,2,200,0.09919245595964889
A0.1,0.2,0.1,0,1,200,0.10658783901962471
A0.1,0.2,0.1,0,2,200,0.1044722744999261
A0.1,0.2,0.1,1,1,200,0.10612381294357508
A0.1,0.2,0.1,1,2,200,0.09086293760709412
A0.1,0.2,0.1,2,1,200,0.09638005118408005
A0.1,0.2,0.1,2,2,200,0.11090487312847531
A0.1,0.2,0.1,3,1,200,0.10052365029340125
A0.1,0.2,0.1,3,2,200,0.09371641752709474
A0.1,0.2,0.1,4,1,200,0.09465940848723926
A0.1,0.2,0.1,4,2,200,0.09215997569657919
A0.1,0.4,0.0,0,1,200,0.10990565430503973
A0.1,0.4,0.0,0,2,200,0.0884003427845828
A0.1,0.4,0.0,1,1,200,0.11315780908375477
A0.1,0.4,0.0,1,2,200,0.08507401298777745
A0.1,0.4,0.0,2,1,200,0.08826394185099684
A0.1,0.4,0.0,2,2,200,0.09978641351606352
A0.1,0.4,0.0,3,1,200,0.07655817158279883
A0.1,0.4,0.0,3,2,200,0.08263568181598778
A0.1,0.4,0.0,4,1,200,0.08778287146143791
A0.1,0.4,0.0,4,2,200,0.08350611032018963
A0.1,0.4,0.02,0,1,200,0.09681568727557875
A0.1,0.4,0.02,0,2,200,0.08732886706538702
A0.1,0.4,0.02,1,1,200,0.09870604405298677
A0.1,0.4,0.02,1,2,200,0.08359778078193227
A0.1,0.4,0.02,2,1,200,0.08656455912097016
A0.1,0.4,0.02,2,2,200,0.10449105274559811
A0.1,0.4,0.02,3,1,200,0.07602421307903418
A0.1,0.4,0.02,3,2,200,0.08000503854115874
A0.1,0.4,0.02,4,1,200,0.0907482669489006
A0.1,0.4,0.02,4,2,200,0.1005698875821093
A0.1,0.4,0.05,0,1,200,0.09054141473949713
A0.1,0.4,0.05,0,2,200,0.08276665163190039
A0.1,0.4,0.05,1,1,200,0.10559009272358305
A0.1,0.4,0.05,1,2,200,0.11567914068653326
A0.1,0.4,0.05,2,1,200,0.0858675362070362
A0.1,0.4,0.05,2,2,200,0.10779714306007662
A0.1,0.4,0.05,3,1,200,0.07410570756104824
A0.1,0.4,0.05,3,2,200,0.08340173525362385
A0.1,0.4,0.05,4,1,200,0.0940136165905051
A0.1,0.4,0.05,4,2,200,0.08603962605770407
A0.1,0.4,0.1,0,1,200,0.1008384103337632
A0.1,0.4,0.1,0,2,200,0.09339078511041464
A0.1,0.4,0.1,1,1,200,0.09502235381128371
A0.1,0.4,0.1,1,2,200,0.11012138833761302
A0.1,0.4,0.1,2,1,200,0.08517359292353972
A0.1,0.4,0.1,2,2,200,0.10333674426127071
A0.1,0.4,0.1,3,1,200,0.07406005938417616
A0.1,0.4,0.1,3,2,200,0.08448686942998178
A0.1,0.4,0.1,4,1,200,0.08852548733691695
A0.1,0.4,0.1,4,2,200,0.08714121284311285
B,0.1,0.0,0,1,200,0.02846557739775343
B,0.1,0.0,0,2,200,0.023978356556001328
B,0.1,0.0,1,1,200,0.0299885838286807
B,0.1,0.0,1,2,200,0.0196353529267035
B,0.1,0.0,2,1,200,0.03080502905411874
B,0.1,0.0,2,2,200,0.02051294553047417
B,0.1,0.0,3,1,200,0.027142897971665397
B,0.1,0.0,3,2,200,0.02058137514864866
B,0.1,0.0,4,1,200,0.03288148450140031
B,0.1,0.0,4,2,200,0.01701328340023864
B,0.1,0.02,0,1,200,0.027082924603562496
B,0.1,0.02,0,2,200,0.022961992254413848
B,0.1,0.02,1,1,200,0.031005430597690658
B,0.1,0.02,1,2,200,0.019243820467446236
B,0.1,0.02,2,1,200,0.03075761214010127
B,0.1,0.02,2,2,200,0.01782375416936929
B,0.1,0.02,3,1,200,0.031140333055830163
B,0.1,0.02,3,2,200,0.019089146706040696
B,0.1,0.02,4,1,200,0.027310082845110675
B,0.1,0.02,4,2,200,0.014384070328372085
B,0.1,0.05,0,1,200,0.02579662549377698
B,0.1,0.05,0,2,200,0.02762641241557817
B,0.1,0.05,1,1,200,0.02913148516660372
B,0.1,0.05,1,2,200,0.01893346296508463
B,0.1,0.05,2,1,200,0.028452348682153315
B,0.1,0.05,2,2,200,0.0219634746677795
B,0.1,0.05,3,1,200,0.02996089216051405
B,0.1,0.05,3,2,200,0.020979033792889644
B,0.1,0.05,4,1,200,0.029237003628163387
B,0.1,0.05,4,2,200,0.017787656822569557
B,0.1,0.1,0,1,200,0.025645190884756613
B,0.1,0.1,0,2,200,0.03611694441161962
B,0.1,0.1,1,1,200,0.029717364776989483
B,0.1,0.1,1,2,200,0.027366025737734154
B,0.1,0.1,2,1,200,0.031148491389810806
B,0.1,0.1,2,2,200,0.034566289918002
B,0.1,0.1,3,1,200,0.02793335068661762
B,0.1,0.1,3,2,200,0.036647675125933324
B,0.1,0.1,4,1,200,0.028933077974033584
B,0.1,0.1,4,2,200,0.025275833578357394
B,0.2,0.0,0,1,200,0.03457092180130217
B,0.2,0.0,0,2,200,0.020860665908893388
B,0.2,0.0,1,1,200,0.02994544894433774
B,0.2,0.0,1,2,200,0.022477466696210646
B,0.2,0.0,2,1,200,0.025473408487695377
B,0.2,0.0,2,2,200,0.03092685501075721
B,0.2,0.0,3,1,200,0.02295561946643015
B,0.2,0.0,3,2,200,0.02191707334980982
B,0.2,0.0,4,1,200,0.025213412221544235
B,0.2,0.0,4,2,200,0.024978903563329036
B,0.2,0.02,0,1,200,0.03276566902740798
B,0.2,0.02,0,2,200,0.022917655966965177
B,0.2,0.02,1,1,200,0.03212532052754552
B,0.2,0.02,1,2,200,0.02150712066176702
B,0.2,0.02,2,1,200,0.03310874112792958
B,0.2,0.02,2,2,200,0.028913900051134412
B,0.2,0.02,3,1,200,0.02750442403980461
B,0.2,0.02,3,2,200,0.024890225243594043
B,0.2,0.02,4,1,200,0.029254823241212688
B,0.2,0.02,4,2,200,0.020058564445640015
B,0.2,0.05,0,1,200,0.03581070782421691
B,0.2,0.05,0,2,200,0.024051383584530423
B,0.2,0.05,1,1,200,0.03737560545161455
B,0.2,0.05,1,2,200,0.022320947024012612
B,0.2,0.05,2,1,200,0.037595018630784155
B,0.2,0.05,2,2,200,0.03066846229452866
B,0.2,0.05,3,1,200,0.02267343513103994
B,0.2,0.05,3,2,200,0.034174757210078975
B,0.2,0.05,4,1,200,0.02698573089498255
B,0.2,0.05,4,2,200,0.01855305175065536
B,0.2,0.1,0,1,200,0.030001731528677918
B,0.2,0.1,0,2,200,0.04084237667186308
B,0.2,0.1,1,1,200,0.034198768959723694
B,0.2,0.1,1,2,200,0.039419425489229006
B,0.2,0.1,2,1,200,0.028805185999371728
B,0.2,0.1,2,2,200,0.04115456515535278
B,0.2,0.1,3,1,200,0.027633896256870186
B,0.2,0.1,3,2,200,0.04277418603677586
B,0.2,0.1,4,1,200,0.025230431639615112
B,0.2,0.1,4,2,200,0.029533032569448232
B,0.4,0.0,0,1,200,0.039431021087652646
B,0.4,0.0,0,2,200,0.03153130496218723
B,0.4,0.0,1,1,200,0.04502119845009965
B,0.4,0.0,1,2,200,0.0450413469417527
B,0.4,0.0,2,1,200,0.03804574514323964
B,0.4,0.0,2,2,200,0.03788929952120563
B,0.4,0.0,3,1,200,0.042595660123521326
B,0.4,0.0,3,2,200,0.04595307328390375
B,0.4,0.0,4,1,200,0.05329126485531384
B,0.4,0.0,4,2,200,0.03123606531032341
B,0.4,0.02,0,1,200,0.037998232380643135
B,0.4,0.02,0,2,200,0.02425416512309691
B,0.4,0.02,1,1,200,0.039647031862193434
B,0.4,0.02,1,2,200,0.030850841353405108
B,0.4,0.02,2,1,200,0.041566767289575486
B,0.4,0.02,2,2,200,0.04262916638091989
B,0.4,0.02,3,1,200,0.035101438516139755
B,0.4,0.02,3,2,200,0.054801152755940864
B,0.4,0.02,4,1,200,0.04409659074967798
B,0.4,0.02,4,2,200,0.03037793801814712
B,0.4,0.05,0,1,200,0.0336799799115777
B,0.4,0.05,0,2,200,0.02604980298750618
B,0.4,0.05,1,1,200,0.037351535808526626
B,0.4,0.05,1,2,200,0.025621251189137443
B,0.4,0.05,2,1,200,0.0350434992228335
B,0.4,0.05,2,2,200,0.06482552652117374
B,0.4,0.05,3,1,200,0.05121183878695364
B,0.4,0.05,3,2,200,0.051875220718753556
B,0.4,0.05,4,1,200,0.04802533617636829
B,0.4,0.05,4,2,200,0.03411465514029967
B,0.4,0.1,0,1,200,0.03424724154772729
B,0.4,0.1,0,2,200,0.03463768514739849
B,0.4,0.1,1,1,200,0.039654658637604256
B,0.4,0.1,1,2,200,0.030091605614792176
B,0.4,0.1,2,1,200,0.030048700514961994
B,0.4,0.1,2,2,200,0.05810797865041362
B,0.4,0.1,3,1,200,0.03556345523377302
B,0.4,0.1,3,2,200,0.035891238919162384
B,0.4,0.1,4,1,200,0.0517602652829765
B,0.4,0.1,4,2,200,0.03659061422646151
C,0.1,0.0,0,1,200,0.04118685882352163
C,0.1,0.0,0,2,200,0.036554310881357216
C,0.1,0.0,1,1,200,0.019611724095915602
C,0.1,0.0,1,2,200,0.027903557186373884
C,0.1,0.0,2,1,200,0.018434345939685015
C,0.1,0.0,2,2,200,0.027059898918174303
C,0.1,0.0,3,1,200,0.032765215379493784
C,0.1,0.0,3,2,200,0.03343793082033929
C,0.1,0.0,4,1,200,0.025626335395977994
C,0.1,0.0,4,2,200,0.024490979585011417
C,0.1,0.02,0,1,200,0.04510085417849428
C,0.1,0.02,0,2,200,0.03699269205069938
C,0.1,0.02,1,1,200,0.0221326103042899
C,0.1,0.02,1,2,200,0.025960995039016284
C,0.1,0.02,2,1,200,0.021470799662153612
C,0.1,0.02,2,2,200,0.02419628371041655
C,0.1,0.02,3,1,200,0.028748273738699086
C,0.1,0.02,3,2,200,0.035596186271574536
C,0.1,0.02,4,1,200,0.028792848815845422
C,0.1,0.02,4,2,200,0.025362460005862574
C,0.1,0.05,0,1,200,0.03726558723958134
C,0.1,0.05,0,2,200,0.04265840295715496
C,0.1,0.05,1,1,200,0.020706172639670912
C,0.1,0.05,1,2,200,0.03104068619469854
C,0.1,0.05,2,1,200,0.022772415132868606
C,0.1,0.05,2,2,200,0.03868752690904235
C,0.1,0.05,3,1,200,0.03530717795032744
C,0.1,0.05,3,2,200,0.03430350057219159
C,0.1,0.05,4,1,200,0.02433449449103786
C,0.1,0.05,4,2,200,0.02865340599354862
C,0.1,0.1,0,1,200,0.04446563608076473
C,0.1,0.1,0,2,200,0.06053422349969001
C,0.1,0.1,1,1,200,0.02142694737649092
C,0.1,0.1,1,2,200,0.05818904586253218
C,0.1,0.1,2,1,200,0.02414857753849702
C,0.1,0.1,2,2,200,0.06753819073491166
C,0.1,0.1,3,1,200,0.03229136975607147
C,0.1,0.1,3,2,200,0.05977223535448747
C,0.1,0.1,4,1,200,0.02914640890711792
C,0.1,0.1,4,2,200,0.05441625469875352
C,0.2,0.0,0,1,200,0.0430841404377973
C,0.2,0.0,0,2,200,0.037544486349863224
C,0.2,0.0,1,1,200,0.044162109729020786
C,0.2,0.0,1,2,200,0.04540268525135917
C,0.2,0.0,2,1,200,0.03417965126748307
C,0.2,0.0,2,2,200,0.0175031164156185
C,0.2,0.0,3,1,200,0.03640509685442909
C,0.2,0.0,3,2,200,0.03223067112297586
C,0.2,0.0,4,1,200,0.021261304563208613
C,0.2,0.0,4,2,200,0.039681837549824
C,0.2,0.02,0,1,200,0.04599776419334737
C,0.2,0.02,0,2,200,0.038875226010859194
C,0.2,0.02,1,1,200,0.04646272615297298
C,0.2,0.02,1,2,200,0.040034688168882226
C,0.2,0.02,2,1,200,0.04189286462455955
C,0.2,0.02,2,2,200,0.020569843043771154
C,0.2,0.02,3,1,200,0.04456376589470927
C,0.2,0.02,3,2,200,0.034175855027916695
C,0.2,0.02,4,1,200,0.025731810180848264
C,0.2,0.02,4,2,200,0.03854768570949471
C,0.2,0.05,0,1,200,0.03937866079446269
C,0.2,0.05,0,2,200,0.04716498056602166
C,0.2,0.05,1,1,200,0.057131871655482155
C,0.2,0.05,1,2,200,0.04790016537315005
C,0.2,0.05,2,1,200,0.03263382087308748
C,0.2,0.05,2,2,200,0.03271021212444061
C,0.2,0.05,3,1,200,0.040516639663020874
C,0.2,0.05,3,2,200,0.04070804774330326
C,0.2,0.05,4,1,200,0.019294872859363904
C,0.2,0.05,4,2,200,0.03628748648558592
C,0.2,0.1,0,1,200,0.05140774550701226
C,0.2,0.1,0,2,200,0.06454193026262875
C,0.2,0.1,1,1,200,0.04088066925165116
C,0.2,0.1,1,2,200,0.06467827990613308
C,0.2,0.1,2,1,200,0.03034646713499212
C,0.2,0.1,2,2,200,0.05573083019340973
C,0.2,0.1,3,1,200,0.04429013147307155
C,0.2,0.1,3,2,200,0.06823623578352873
C,0.2,0.1,4,1,200,0.023923817920828122
C,0.2,0.1,4,2,200,0.05441191998580172
C,0.4,0.0,0,1,200,0.02868903160108648
C,0.4,0.0,0,2,200,0.04497455570449807
C,0.4,0.0,1,1,200,0.061570081231575154
C,0.4,0.0,1,2,200,0.03037723146140267
C,0.4,0.0,2,1,200,0.03118390223751076
C,0.4,0.0,2,2,200,0.055319031883096254
C,0.4,0.0,3,1,200,0.0406271165931073
C,0.4,0.0,3,2,200,0.051099517242003276
C,0.4,0.0,4,1,200,0.02946336686578656
C,0.4,0.0,4,2,200,0.03729975301134717
C,0.4,0.02,0,1,200,0.033145592887480216
C,0.4,0.02,0,2,200,0.03127462130303036
C,0.4,0.02,1,1,200,0.042911235554736644
C,0.4,0.02,1,2,200,0.032063771892699586
C,0.4,0.02,2,1,200,0.02906926782870486
C,0.4,0.02,2,2,200,0.055080629306570074
C,0.4,0.02,3,1,200,0.054858666361263846
C,0.4,0.02,3,2,200,0.07407613035281009
C,0.4,0.02,4,1,200,0.03532348195500549
C,0.4,0.02,4,2,200,0.04830331027379711
C,0.4,0.05,0,1,200,0.0372634144115349
C,0.4,0.05,0,2,200,0.035102413216196816
C,0.4,0.05,1,1,200,0.05739819278325291
C,0.4,0.05,1,2,200,0.031660334084053166
C,0.4,0.05,2,1,200,0.035196321185850345
C,0.4,0.05,2,2,200,0.05615816526682901
C,0.4,0.05,3,1,200,0.05291328236686621
C,0.4,0.05,3,2,200,0.060738681010338275
C,0.4,0.05,4,1,200,0.02653267664318434
C,0.4,0.05,4,2,200,0.03720442075404195
C,0.4,0.1,0,1,200,0.031242340784128967
C,0.4,0.1,0,2,200,0.052606432416664024
C,0.4,0.1,1,1,200,0.04506450874562167
C,0.4,0.1,1,2,200,0.0534761281485086
C,0.4,0.1,2,1,200,0.03882713809138628
C,0.4,0.1,2,2,200,0.07114616534829843
C,0.4,0.1,3,1,200,0.04991398948390518
C,0.4,0.1,3,2,200,0.06739457553871403
C,0.4,0.1,4,1,200,0.027324619166557124
C,0.4,0.1,4,2,200,0.05520641067579757
D,0.1,0.0,0,1,200,0.020503097962245632
D,0.1,0.0,0,2,200,0.023573779390067263
D,0.1,0.0,1,1,200,0.025115358402348655
D,0.1,0.0,1,2,200,0.021829863767019366
D,0.1,0.0,2,1,200,0.017058772866828453
D,0.1,0.0,2,2,200,0.014555490855476203
D,0.1,0.0,3,1,200,0.028090493955826513
D,0.1,0.0,3,2,200,0.03849631849929854
D,0.1,0.0,4,1,200,0.014159576433471302
D,0.1,0.0,4,2,200,0.023033448283505523
D,0.1,0.02,0,1,200,0.019242662767544595
D,0.1,0.02,0,2,200,0.022776189521244328
D,0.1,0.02,1,1,200,0.02141847440364161
D,0.1,0.02,1,2,200,0.021279364768678203
D,0.1,0.02,2,1,200,0.01870663386024165
D,0.1,0.02,2,2,200,0.015316039056738789
D,0.1,0.02,3,1,200,0.026907236700625947
D,0.1,0.02,3,2,200,0.031132180280025477
D,0.1,0.02,4,1,200,0.014864961706960568
D,0.1,0.02,4,2,200,0.020985476975299566
D,0.1,0.05,0,1,200,0.016625708250224604
D,0.1,0.05,0,2,200,0.030954826939886656
D,0.1,0.05,1,1,200,0.021972936326821096
D,0.1,0.05,1,2,200,0.01710035793422187
D,0.1,0.05,2,1,200,0.01996405588207469
D,0.1,0.05,2,2,200,0.018287506417028553
D,0.1,0.05,3,1,200,0.024829513183788145
D,0.1,0.05,3,2,200,0.038176056132201104
D,0.1,0.05,4,1,200,0.01301744692882467
D,0.1,0.05,4,2,200,0.016836261701198226
D,0.1,0.1,0,1,200,0.019262956076760384
D,0.1,0.1,0,2,200,0.060634576691751436
D,0.1,0.1,1,1,200,0.021589509555056858
D,0.1,0.1,1,2,200,0.04441791148717359
D,0.1,0.1,2,1,200,0.021402999278665926
D,0.1,0.1,2,2,200,0.05064979705637532
D,0.1,0.1,3,1,200,0.027086501924239507
D,0.1,0.1,3,2,200,0.058245571056577176
D,0.1,0.1,4,1,200,0.013504892249220813
D,0.1,0.1,4,2,200,0.04292595754337375
D,0.2,0.0,0,1,200,0.020815379927077722
D,0.2,0.0,0,2,200,0.018369655520154828
D,0.2,0.0,1,1,200,0.025449469498130994
D,0.2,0.0,1,2,200,0.027637981970298528
D,0.2,0.0,2,1,200,0.016455305853341016
D,0.2,0.0,2,2,200,0.03162382961451241
D,0.2,0.0,3,1,200,0.025994921817158942
D,0.2,0.0,3,2,200,0.046750893713863685
D,0.2,0.0,4,1,200,0.01801537441864434
D,0.2,0.0,4,2,200,0.043481003321773876
D,0.2,0.02,0,1,200,0.023609871325760215
D,0.2,0.02,0,2,200,0.02370842719385585
D,0.2,0.02,1,1,200,0.02862007424653221
D,0.2,0.02,1,2,200,0.020147601036249466
D,0.2,0.02,2,1,200,0.0191481214857619
D,0.2,0.02,2,2,200,0.024309890255238387
D,0.2,0.02,3,1,200,0.02474827751744872
D,0.2,0.02,3,2,200,0.04762190439451243
D,0.2,0.02,4,1,200,0.0202284451205187
D,0.2,0.02,4,2,200,0.03249689967617887
D,0.2,0.05,0,1,200,0.022092480131564396
D,0.2,0.05,0,2,200,0.022351827910830468
D,0.2,0.05,1,1,200,0.039876115734266575
D,0.2,0.05,1,2,200,0.024838400472898974
D,0.2,0.05,2,1,200,0.017027541310164748
D,0.2,0.05,2,2,200,0.031131174958432945
D,0.2,0.05,3,1,200,0.02713029223002175
D,0.2,0.05,3,2,200,0.04124684424830826
D,0.2,0.05,4,1,200,0.02462602356859002
D,0.2,0.05,4,2,200,0.03037212660225395
D,0.2,0.1,0,1,200,0.019113794306392096
D,0.2,0.1,0,2,200,0.03964227731649963
D,0.2,0.1,1,1,200,0.032329512038364476
D,0.2,0.1,1,2,200,0.04314856393686396
D,0.2,0.1,2,1,200,0.022535300549223772
D,0.2,0.1,2,2,200,0.05740429988337047
D,0.2,0.1,3,1,200,0.028660754348269594
D,0.2,0.1,3,2,200,0.0577428372635589
D,0.2,0.1,4,1,200,0.019191167980984403
D,0.2,0.1,4,2,200,0.03880357391613056
D,0.4,0.0,0,1,200,0.03525636699369637
D,0.4,0.0,0,2,200,0.02894726631191259
D,0.4,0.0,1,1,200,0.062037821241085186
D,0.4,0.0,1,2,200,0.040782282244617066
D,0.4,0.0,2,1,200,0.03585274651737812
D,0.4,0.0,2,2,200,0.034157761263876076
D,0.4,0.0,3,1,200,0.03368498294670596
D,0.4,0.0,3,2,200,0.03251447695097146
D,0.4,0.0,4,1,200,0.038274236107476975
D,0.4,0.0,4,2,200,0.042846980770971176
D,0.4,0.02,0,1,200,0.028827987804485034
D,0.4,0.02,0,2,200,0.04189940838441915
D,0.4,0.02,1,1,200,0.04952583181590406
D,0.4,0.02,1,2,200,0.026803911664606828
D,0.4,0.02,2,1,200,0.044115079565749137
D,0.4,0.02,2,2,200,0.02954237272252424
D,0.4,0.02,3,1,200,0.03758241039352352
D,0.4,0.02,3,2,200,0.03682647792126741
D,0.4,0.02,4,1,200,0.033206036531567916
D,0.4,0.02,4,2,200,0.028775989232447095
D,0.4,0.05,0,1,200,0.026195438885705174
D,0.4,0.05,0,2,200,0.035609879737082045
D,0.4,0.05,1,1,200,0.049600627120914544
D,0.4,0.05,1,2,200,0.03995333851513265
D,0.4,0.05,2,1,200,0.043628969953202264
D,0.4,0.05,2,2,200,0.036570408833523124
D,0.4,0.05,3,1,200,0.04432391664814239
D,0.4,0.05,3,2,200,0.02965075753477409
D,0.4,0.05,4,1,200,0.0306548834152253
D,0.4,0.05,4,2,200,0.0334557959653181
D,0.4,0.1,0,1,200,0.03246171111010876
D,0.4,0.1,0,2,200,0.06548266487492341
D,0.4,0.1,1,1,200,0.061016334157794685
D,0.4,0.1,1,2,200,0.043717435326755275
D,0.4,0.1,2,1,200,0.04154146077610207
D,0.4,0.1,2,2,200,0.05864771035351921
D,0.4,0.1,3,1,200,0.02996803832372251
D,0.4,0.1,3,2,200,0.04334837686350911
D,0.4,0.1,4,1,200,0.024552603887477365
D,0.4,0.1,4,2,200,0.05172466685539145
E,0.1,0.0,0,1,200,0.29618484959494795
E,0.1,0.0,0,2,200,0.46770766088692584
E,0.1,0.0,1,1,200,0.30202183041162484
E,0.1,0.0,1,2,200,0.4472409534191473
E,0.1,0.0,2,1,200,0.3376660783913834
E,0.1,0.0,2,2,200,0.5322601397051069
E,0.1,0.0,3,1,200,0.29818135728827483
E,0.1,0.0,3,2,200,0.44312835019829844
E,0.1,0.0,4,1,200,0.29150652350878664
E,0.1,0.0,4,2,200,0.4562460200069108
E,0.1,0.02,0,1,200,0.29632934318543347
E,0.1,0.02,0,2,200,0.470435119457735
E,0.1,0.02,1,1,200,0.299370048276228
E,0.1,0.02,1,2,200,0.44958221686561656
E,0.1,0.02,2,1,200,0.337490972853362
E,0.1,0.02,2,2,200,0.534774445021491
E,0.1,0.02,3,1,200,0.296810209244923
E,0.1,0.02,3,2,200,0.44193486922712116
E,0.1,0.02,4,1,200,0.2880428593260424
E,0.1,0.02,4,2,200,0.4590410639691686
E,0.1,0.05,0,1,200,0.2989149725438805
E,0.1,0.05,0,2,200,0.47484277371643663
E,0.1,0.05,1,1,200,0.2976131583906829
E,0.1,0.05,1,2,200,0.45409632704688985
E,0.1,0.05,2,1,200,0.33841473174789516
E,0.1,0.05,2,2,200,0.5295513040826949
E,0.1,0.05,3,1,200,0.2982974261827864
E,0.1,0.05,3,2,200,0.4476592023460479
E,0.1,0.05,4,1,200,0.29202710389303305
E,0.1,0.05,4,2,200,0.4580104814043119
E,0.1,0.1,0,1,200,0.3007386411609893
E,0.1,0.1,0,2,200,0.47620708351152596
E,0.1,0.1,1,1,200,0.29918488261498327
E,0.1,0.1,1,2,200,0.45779064985368884
E,0.1,0.1,2,1,200,0.3385595994755693
E,0.1,0.1,2,2,200,0.5278304618457212
E,0.1,0.1,3,1,200,0.30116324316138554
E,0.1,0.1,3,2,200,0.4536983653285607
E,0.1,0.1,4,1,200,0.29038669263592193
E,0.1,0.1,4,2,200,0.46003513398217033
E,0.2,0.0,0,1,200,0.3009519197986527
E,0.2,0.0,0,2,200,0.4724827146926756
E,0.2,0.0,1,1,200,0.2818692359984613
E,0.2,0.0,1,2,200,0.4391547184525769
E,0.2,0.0,2,1,200,0.2885015765504597
E,0.2,0.0,2,2,200,0.457975554996947
E,0.2,0.0,3,1,200,0.26380822930259556
E,0.2,0.0,3,2,200,0.4084019696878695
E,0.2,0.0,4,1,200,0.29592178107591444
E,0.2,0.0,4,2,200,0.47232119369337744
E,0.2,0.02,0,1,200,0.3007936186617667
E,0.2,0.02,0,2,200,0.47572568123273035
E,0.2,0.02,1,1,200,0.28727504771167073
E,0.2,0.02,1,2,200,0.438323775192626
E,0.2,0.02,2,1,200,0.2894275544412275
E,0.2,0.02,2,2,200,0.45049205325583874
E,0.2,0.02,3,1,200,0.26147854795844483
E,0.2,0.02,3,2,200,0.40672189989894064
E,0.2,0.02,4,1,200,0.3029979895099113
E,0.2,0.02,4,2,200,0.46945532363639303
E,0.2,0.05,0,1,200,0.3069115273490551
E,0.2,0.05,0,2,200,0.48073153977823424
E,0.2,0.05,1,1,200,0.2921956064463867
E,0.2,0.05,1,2,200,0.43820880193950884
E,0.2,0.05,2,1,200,0.2917799931083949
E,0.2,0.05,2,2,200,0.4529852262772508
E,0.2,0.05,3,1,200,0.2635651617399478
E,0.2,0.05,3,2,200,0.4077066646096044
E,0.2,0.05,4,1,200,0.2998404811387996
E,0.2,0.05,4,2,200,0.47152599372390674
E,0.2,0.1,0,1,200,0.30355383509221245
E,0.2,0.1,0,2,200,0.47986285074828594
E,0.2,0.1,1,1,200,0.28544178421750876
E,0.2,0.1,1,2,200,0.44337747222527907
E,0.2,0.1,2,1,200,0.2915531266184002
E,0.2,0.1,2,2,200,0.4558392686478384
E,0.2,0.1,3,1,200,0.26868938143180177
E,0.2,0.1,3,2,200,0.41829629272422997
E,0.2,0.1,4,1,200,0.30192703939592397
E,0.2,0.1,4,2,200,0.4646868568938422
E,0.4,0.0,0,1,200,0.3146690883070115
E,0.4,0.0,0,2,200,0.49991721293010033
E,0.4,0.0,1,1,200,0.26128355741673803
E,0.4,0.0,1,2,200,0.4070977378173087
E,0.4,0.0,2,1,200,0.286266847313314
E,0.4,0.0,2,2,200,0.4534977325763446
E,0.4,0.0,3,1,200,0.27374689432296423
E,0.4,0.0,3,2,200,0.43537436634110416
E,0.4,0.0,4,1,200,0.2863098602684933
E,0.4,0.0,4,2,200,0.45700150926958766
E,0.4,0.02,0,1,200,0.3088556841678517
E,0.4,0.02,0,2,200,0.504094020455859
E,0.4,0.02,1,1,200,0.2612332328612051
E,0.4,0.02,1,2,200,0.4076950261845464
E,0.4,0.02,2,1,200,0.28577932862273536
E,0.4,0.02,2,2,200,0.4544105459644947
E,0.4,0.02,3,1,200,0.2718818372580661
E,0.4,0.02,3,2,200,0.4349488449841768
E,0.4,0.02,4,1,200,0.2876959083569397
E,0.4,0.02,4,2,200,0.453327010324506
E,0.4,0.05,0,1,200,0.3148020276557899
E,0.4,0.05,0,2,200,0.4990682697913674
E,0.4,0.05,1,1,200,0.2642738954252756
E,0.4,0.05,1,2,200,0.4099579992324696
E,0.4,0.05,2,1,200,0.287979834103768
E,0.4,0.05,2,2,200,0.4534376987855433
E,0.4,0.05,3,1,200,0.27587061064594387
E,0.4,0.05,3,2,200,0.433587966853439
E,0.4,0.05,4,1,200,0.29029301147214137
E,0.4,0.05,4,2,200,0.4518138958610302
E,0.4,0.1,0,1,200,0.3118029352127095
E,0.4,0.1,0,2,200,0.49063060451248774
E,0.4,0.1,1,1,200,0.26405705504708227
E,0.4,0.1,1,2,200,0.41248565575351503
E,0.4,0.1,2,1,200,0.2871206008072228
E,0.4,0.1,2,2,200,0.44700723672893783
E,0.4,0.1,3,1,200,0.2740414805390093
E,0.4,0.1,3,2,200,0.4355834008243465
E,0.4,0.1,4,1,200,0.2900191520996311
E,0.4,0.1,4,2,200,0.4446221238153987
