kind,w,seed,skill,iter,coupling_cost,sinkhorn,w2,killed
bridge,0.1,0,1,0,0.10073940455913544,0.003916076384484768,0.016095883010326793,0.00999993085861206
bridge,0.1,0,1,1,0.10013176500797272,0.004449764266610146,0.02186529460330589,0.0059999823570251465
bridge,0.1,0,1,2,0.09490484744310379,0.004268026910722256,0.012285634183549568,0.019999980926513672
bridge,0.1,0,1,3,0.09189055860042572,0.004369075410068035,0.015470934646236204,0.015999972820281982
bridge,0.1,0,1,4,0.08608334511518478,0.004493707790970802,0.015150445703427313,0.027999937534332275
bridge,0.1,0,1,5,0.09217226505279541,0.003999839536845684,0.01205541955718776,0.01399993896484375
bridge,0.1,0,2,0,0.03091263584792614,0.003753740107640624,0.017297920296322704,0.48799997568130493
bridge,0.1,0,2,1,0.030855515971779823,0.004030803218483925,0.014483676788358444,0.5299999713897705
bridge,0.1,0,2,2,0.02930057793855667,0.004154355265200138,0.022919597023009265,0.49799996614456177
bridge,0.1,0,2,3,0.02976834401488304,0.004311955533921719,0.019662148381287194,0.5339999794960022
bridge,0.1,0,2,4,0.02660159394145012,0.0041791172698140144,0.022906801435871607,0.4860000014305115
bridge,0.1,0,2,5,0.02843390218913555,0.004002636298537254,0.022018117007436718,0.4959999918937683
bridge,0.1,0,3,0,0.10075291246175766,0.0091770701110363,0.037535443479192195,0.0059999823570251465
bridge,0.1,0,3,1,0.091185562312603,0.008833949454128742,0.03244894378610222,0.003999948501586914
bridge,0.1,0,3,2,0.09066544473171234,0.010038581676781178,0.04734721606469913,0.0059999823570251465
bridge,0.1,0,3,3,0.08959131687879562,0.008647110313177109,0.02912331489772929,0.0059999823570251465
bridge,0.1,0,3,4,0.09185885637998581,0.0087968111038208,0.030399830363439125,0.0059999823570251465
bridge,0.1,0,3,5,0.09230915457010269,0.008897320367395878,0.03216384586341861,0.00999993085861206
bridge,0.1,1,1,0,0.10036476701498032,0.004193788394331932,0.01623326638496082,0.007999956607818604
bridge,0.1,1,1,1,0.09265092760324478,0.0042167892679572105,0.01734002262535014,0.019999980926513672
bridge,0.1,1,1,2,0.08891239017248154,0.00396081805229187,0.01072415103304176,0.02599996328353882
bridge,0.1,1,1,3,0.0929882675409317,0.0042845383286476135,0.019917930595974728,0.007999956607818604
bridge,0.1,1,1,4,0.09321954846382141,0.0043745385482907295,0.02069840201506627,0.02199995517730713
bridge,0.1,1,1,5,0.09120575338602066,0.00423634797334671,0.017338247617414544,0.01399993896484375
bridge,0.1,1,2,0,0.03087599389255047,0.004230709280818701,0.024039490420738156,0.46799999475479126
bridge,0.1,1,2,1,0.03236684575676918,0.004369042348116636,0.026042120609673074,0.5059999823570251
bridge,0.1,1,2,2,0.03272141143679619,0.003844704246148467,0.01621600387832973,0.47599995136260986
bridge,0.1,1,2,3,0.029252255335450172,0.004182332195341587,0.018704471309267248,0.5119999647140503
bridge,0.1,1,2,4,0.028869301080703735,0.004139494150876999,0.022126533419260245,0.5519999861717224
bridge,0.1,1,2,5,0.028291599825024605,0.004240517970174551,0.019584955310235273,0.5080000162124634
bridge,0.1,1,3,0,0.1007736548781395,0.008431993424892426,0.026113177024917673,0.001999974250793457
bridge,0.1,1,3,1,0.09211328625679016,0.008644762448966503,0.030184480430589522,0.0059999823570251465
bridge,0.1,1,3,2,0.09004537016153336,0.010022275149822235,0.04784924076539221,0.00999993085861206
bridge,0.1,1,3,3,0.08769749850034714,0.008534365333616734,0.02579407790415815,0.00999993085861206
bridge,0.1,1,3,4,0.08935844153165817,0.008527742698788643,0.029031556548473468,0.007999956607818604
bridge,0.1,1,3,5,0.09153787791728973,0.009494669735431671,0.04181119012877144,0.01399993896484375
bridge,0.1,2,1,0,0.10029703378677368,0.005066171288490295,0.028488041772037512,0.0
bridge,0.1,2,1,1,0.09062615036964417,0.004619731567800045,0.027063317234280976,0.039999961853027344
bridge,0.1,2,1,2,0.09101679176092148,0.004302381072193384,0.016822738446869854,0.023999929428100586
bridge,0.1,2,1,3,0.0930078774690628,0.003892278065904975,0.013459339192984898,0.0339999794960022
bridge,0.1,2,1,4,0.09056339412927628,0.004128113854676485,0.0180646548056451,0.02599996328353882
bridge,0.1,2,1,5,0.09170401096343994,0.00443675834685564,0.027172349270939217,0.007999956607818604
bridge,0.1,2,2,0,0.03083578497171402,0.0041059148497879505,0.012173098643789937,0.5219999551773071
bridge,0.1,2,2,1,0.028735609725117683,0.0045603313483297825,0.024992937825492837,0.5059999823570251
bridge,0.1,2,2,2,0.029164517298340797,0.0036444906145334244,0.01267185555375669,0.5039999485015869
bridge,0.1,2,2,3,0.03015769273042679,0.004142045974731445,0.023172609013752156,0.47999995946884155
bridge,0.1,2,2,4,0.030214082449674606,0.004409634042531252,0.024315046114664896,0.559999942779541
bridge,0.1,2,2,5,0.030390525236725807,0.004374250769615173,0.019383616418321068,0.531999945640564
bridge,0.1,2,3,0,0.10063616931438446,0.00864007044583559,0.028819082949226197,0.007999956607818604
bridge,0.1,2,3,1,0.09141367673873901,0.008185292594134808,0.021668953524062402,0.003999948501586914
bridge,0.1,2,3,2,0.09259172528982162,0.008897509425878525,0.03237756467056095,0.00999993085861206
bridge,0.1,2,3,3,0.08914928138256073,0.00854934100061655,0.027288445734144802,0.01399993896484375
bridge,0.1,2,3,4,0.08838353306055069,0.00877506285905838,0.03170310323291363,0.003999948501586914
bridge,0.1,2,3,5,0.09330721199512482,0.008410448208451271,0.027044858951905202,0.01399993896484375
bridge,0.1,3,1,0,0.09999223053455353,0.0039249612018466,0.01076532616359675,0.015999972820281982
bridge,0.1,3,1,1,0.0863187164068222,0.0041358997114002705,0.013456748124851254,0.023999929428100586
bridge,0.1,3,1,2,0.08834990113973618,0.004476596601307392,0.023074218994422146,0.04599994421005249
bridge,0.1,3,1,3,0.09678743034601212,0.0042504360899329185,0.020399603757448394,0.01399993896484375
bridge,0.1,3,1,4,0.09305614233016968,0.004634115844964981,0.026988775714613326,0.007999956607818604
bridge,0.1,3,1,5,0.0852900967001915,0.004073373042047024,0.01321472873834289,0.003999948501586914
bridge,0.1,3,2,0,0.030691830441355705,0.004245606251060963,0.021171606616138903,0.5719999670982361
bridge,0.1,3,2,1,0.027641937136650085,0.004278846085071564,0.02431394980291154,0.4919999837875366
bridge,0.1,3,2,2,0.029998209327459335,0.004361655097454786,0.015556166553000806,0.48399996757507324
bridge,0.1,3,2,3,0.03014843724668026,0.004547391086816788,0.024382740269856377,0.5019999742507935
bridge,0.1,3,2,4,0.030217548832297325,0.0038317819125950336,0.013069183116440636,0.5219999551773071
bridge,0.1,3,2,5,0.0294952429831028,0.004006120376288891,0.019231104025639996,0.5239999890327454
bridge,0.1,3,3,0,0.09992771595716476,0.00872068852186203,0.030179454192377185,0.001999974250793457
bridge,0.1,3,3,1,0.09249524027109146,0.00836977083235979,0.025502558148768346,0.015999972820281982
bridge,0.1,3,3,2,0.09133388102054596,0.011465580202639103,0.05851990935020342,0.011999964714050293
bridge,0.1,3,3,3,0.09312568604946136,0.008623627945780754,0.029261559767074313,0.01399993896484375
bridge,0.1,3,3,4,0.08973146975040436,0.015070980414748192,0.08420666001067854,0.007999956607818604
bridge,0.1,3,3,5,0.08698368072509766,0.008610047399997711,0.02966055523129263,0.0059999823570251465
bridge,0.1,4,1,0,0.100338876247406,0.0040059383027255535,0.014700057034640926,0.00999993085861206
bridge,0.1,4,1,1,0.09175751358270645,0.004489196464419365,0.016728577675130554,0.01799994707107544
bridge,0.1,4,1,2,0.09464635699987411,0.0040420712903141975,0.013442835035109712,0.01399993896484375
bridge,0.1,4,1,3,0.09257618337869644,0.004332324489951134,0.020205581064244374,0.0059999823570251465
bridge,0.1,4,1,4,0.09154605120420456,0.004050516523420811,0.016111226936256103,0.01399993896484375
bridge,0.1,4,1,5,0.08696778118610382,0.004035739228129387,0.013938907580037295,0.003999948501586914
bridge,0.1,4,2,0,0.03085646592080593,0.003721489803865552,0.015175786613513619,0.5180000066757202
bridge,0.1,4,2,1,0.0308610238134861,0.003928227350115776,0.015174473188570141,0.4779999852180481
bridge,0.1,4,2,2,0.028086550533771515,0.0041821980848908424,0.01773237768689615,0.4860000014305115
bridge,0.1,4,2,3,0.02945803292095661,0.003825148567557335,0.014358044096652804,0.5460000038146973
bridge,0.1,4,2,4,0.03021029196679592,0.003738089231774211,0.016106303151623813,0.5059999823570251
bridge,0.1,4,2,5,0.02904106117784977,0.004025779664516449,0.019676397899685637,0.465999960899353
bridge,0.1,4,3,0,0.10045519471168518,0.008349280804395676,0.022057994348134737,0.0059999823570251465
bridge,0.1,4,3,1,0.09357089549303055,0.008440833538770676,0.029186246067823253,0.01799994707107544
bridge,0.1,4,3,2,0.09187133610248566,0.01068754680454731,0.05468124342897464,0.007999956607818604
bridge,0.1,4,3,3,0.0921996682882309,0.008674504235386848,0.02968410515885892,0.00999993085861206
bridge,0.1,4,3,4,0.08635802567005157,0.008349470794200897,0.024467261634915468,0.00999993085861206
bridge,0.1,4,3,5,0.09056757390499115,0.009128729812800884,0.037401932331574524,0.00999993085861206
bridge,0.2,0,1,0,0.10550795495510101,0.006259474437683821,0.02967572888221688,0.00999993085861206
bridge,0.2,0,1,1,0.0939570888876915,0.006034946069121361,0.021585928235953334,0.0059999823570251465
bridge,0.2,0,1,2,0.09165430068969727,0.0059974901378154755,0.02138844401777448,0.027999937534332275
bridge,0.2,0,1,3,0.09063772112131119,0.005805199034512043,0.015003061090760255,0.015999972820281982
bridge,0.2,0,1,4,0.08296137303113937,0.005829671397805214,0.013889128327696633,0.011999964714050293
bridge,0.2,0,1,5,0.08273909986019135,0.0058455802500247955,0.018388195517017505,0.011999964714050293
bridge,0.2,0,2,0,0.04026520624756813,0.005940849892795086,0.02874175589894108,0.2459999918937683
bridge,0.2,0,2,1,0.0341467559337616,0.006107017397880554,0.026619693637061775,0.2799999713897705
bridge,0.2,0,2,2,0.03115827776491642,0.006354614160954952,0.03487822768937854,0.25599998235702515
bridge,0.2,0,2,3,0.033998701721429825,0.005888966843485832,0.02106791548049316,0.28999996185302734
bridge,0.2,0,2,4,0.02973734587430954,0.005829044617712498,0.02264330953040279,0.2979999780654907
bridge,0.2,0,2,5,0.030484167858958244,0.00608272198587656,0.02929291746340908,0.28999996185302734
bridge,0.2,0,3,0,0.10551955550909042,0.00906794797629118,0.03587177742637339,0.003999948501586914
bridge,0.2,0,3,1,0.08846142888069153,0.00851658545434475,0.026425143067796697,0.0059999823570251465
bridge,0.2,0,3,2,0.08620204776525497,0.009252472780644894,0.03685262790137804,0.001999974250793457
bridge,0.2,0,3,3,0.08625071495771408,0.00880511850118637,0.03418598527557687,0.001999974250793457
bridge,0.2,0,3,4,0.08669228106737137,0.008485853672027588,0.027425849456057663,0.0
bridge,0.2,0,3,5,0.08925426751375198,0.008674463257193565,0.029179925955672734,0.0059999823570251465
bridge,0.2,1,1,0,0.10514228045940399,0.005823164246976376,0.014955372276141908,0.007999956607818604
bridge,0.2,1,1,1,0.0872139036655426,0.005826382897794247,0.01997578375836353,0.00999993085861206
bridge,0.2,1,1,2,0.09191232919692993,0.005957087501883507,0.02264026569221783,0.011999964714050293
bridge,0.2,1,1,3,0.08766288310289383,0.005961067974567413,0.019251574531512532,0.011999964714050293
bridge,0.2,1,1,4,0.08945140987634659,0.005683574825525284,0.014749089539583626,0.001999974250793457
bridge,0.2,1,1,5,0.08540983498096466,0.005686731077730656,0.013153319004330576,0.007999956607818604
bridge,0.2,1,2,0,0.04028946906328201,0.006257896777242422,0.03248144806702895,0.2399999499320984
bridge,0.2,1,2,1,0.03427262231707573,0.006625371519476175,0.04054185819723422,0.23799997568130493
bridge,0.2,1,2,2,0.03340737149119377,0.006460025906562805,0.03523729094061294,0.23199999332427979
bridge,0.2,1,2,3,0.03335469961166382,0.006329097785055637,0.03134697317889429,0.31199997663497925
bridge,0.2,1,2,4,0.03299326449632645,0.005828853230923414,0.024957774571890776,0.28599995374679565
bridge,0.2,1,2,5,0.03142883628606796,0.006045621354132891,0.027301892325216476,0.25599998235702515
bridge,0.2,1,3,0,0.10555942356586456,0.008694133721292019,0.030443000927571913,0.0
bridge,0.2,1,3,1,0.08587608486413956,0.008586729876697063,0.027789785536298878,0.003999948501586914
bridge,0.2,1,3,2,0.08759284019470215,0.008775344118475914,0.029319520364084053,0.0059999823570251465
bridge,0.2,1,3,3,0.08604852110147476,0.008601449429988861,0.026786382718296954,0.0059999823570251465
bridge,0.2,1,3,4,0.08734237402677536,0.008223576471209526,0.024843519215025346,0.0059999823570251465
bridge,0.2,1,3,5,0.08659255504608154,0.00816876720637083,0.025330250898546916,0.0059999823570251465
bridge,0.2,2,1,0,0.10503263771533966,0.006455728784203529,0.027765086871904047,0.0
bridge,0.2,2,1,1,0.0870494395494461,0.006029886193573475,0.0225423333190114,0.003999948501586914
bridge,0.2,2,1,2,0.08304719626903534,0.0060181706212460995,0.020990563655680257,0.01399993896484375
bridge,0.2,2,1,3,0.08316240459680557,0.005879305303096771,0.018289665409770194,0.011999964714050293
bridge,0.2,2,1,4,0.084199458360672,0.006191479042172432,0.02645108797538932,0.00999993085861206
bridge,0.2,2,1,5,0.08476260304450989,0.005672154948115349,0.012566523647336932,0.003999948501586914
bridge,0.2,2,2,0,0.040220197290182114,0.005961309652775526,0.021556499022853975,0.2799999713897705
bridge,0.2,2,2,1,0.0332755446434021,0.006081080064177513,0.026499014912273963,0.26999998092651367
bridge,0.2,2,2,2,0.03407388925552368,0.006329220719635487,0.03456838867128487,0.27399998903274536
bridge,0.2,2,2,3,0.03122820146381855,0.0063792383298277855,0.03277721430100806,0.2579999566078186
bridge,0.2,2,2,4,0.03410867974162102,0.006290907971560955,0.028494788605571343,0.3179999589920044
bridge,0.2,2,2,5,0.03423959016799927,0.006263436749577522,0.03166117927413926,0.27199995517730713
bridge,0.2,2,3,0,0.1054123044013977,0.008528975769877434,0.027269075203157297,0.0059999823570251465
bridge,0.2,2,3,1,0.08396077156066895,0.008599081076681614,0.0293964830238883,0.001999974250793457
bridge,0.2,2,3,2,0.08789945393800735,0.009026388637721539,0.03350102328708591,0.0059999823570251465
bridge,0.2,2,3,3,0.08493686467409134,0.00881558284163475,0.02989555950846065,0.0059999823570251465
bridge,0.2,2,3,4,0.08482266217470169,0.009214977733790874,0.03693538064431819,0.001999974250793457
bridge,0.2,2,3,5,0.08992776274681091,0.008824270218610764,0.033765859761781376,0.00999993085861206
bridge,0.2,3,1,0,0.10490620136260986,0.006116910837590694,0.02571455921800728,0.01399993896484375
bridge,0.2,3,1,1,0.08204200863838196,0.005823215469717979,0.016367845957104787,0.019999980926513672
bridge,0.2,3,1,2,0.08514227718114853,0.005995939485728741,0.019531706712880646,0.02199995517730713
bridge,0.2,3,1,3,0.08495748043060303,0.005619899369776249,0.013558615222960467,0.00999993085861206
bridge,0.2,3,1,4,0.09015125036239624,0.00614458043128252,0.021188408973738714,0.0059999823570251465
bridge,0.2,3,1,5,0.08242834359407425,0.006197140086442232,0.022198960337769438,0.007999956607818604
bridge,0.2,3,2,0,0.04007037729024887,0.006080402992665768,0.027988418020286735,0.2919999957084656
bridge,0.2,3,2,1,0.034906018525362015,0.0057693663984537125,0.025726523910104316,0.28199994564056396
bridge,0.2,3,2,2,0.03289535269141197,0.006242689676582813,0.026979988228453655,0.2799999713897705
bridge,0.2,3,2,3,0.03364839032292366,0.0062594907358288765,0.028927831727713266,0.2799999713897705
bridge,0.2,3,2,4,0.031503092497587204,0.006176475435495377,0.03336020024958774,0.31199997663497925
bridge,0.2,3,2,5,0.032978080213069916,0.00582941435277462,0.023985043605460415,0.3139999508857727
bridge,0.2,3,3,0,0.10466496646404266,0.008655213750898838,0.02915689449041116,0.001999974250793457
bridge,0.2,3,3,1,0.0872483029961586,0.008318496868014336,0.02406633613897299,0.00999993085861206
bridge,0.2,3,3,2,0.08563685417175293,0.00895041786134243,0.03493782931067258,0.001999974250793457
bridge,0.2,3,3,3,0.08630342781543732,0.008295996114611626,0.02443990201458724,0.0
bridge,0.2,3,3,4,0.08680466562509537,0.00861397571861744,0.026861479415874603,0.0059999823570251465
bridge,0.2,3,3,5,0.08506105095148087,0.008323135785758495,0.02464252307082786,0.003999948501586914
bridge,0.2,4,1,0,0.10511038452386856,0.005971078295260668,0.022546747790731812,0.007999956607818604
bridge,0.2,4,1,1,0.08696465939283371,0.005897464230656624,0.01979280682431361,0.0059999823570251465
bridge,0.2,4,1,2,0.08785919845104218,0.005869009997695684,0.020022856137237623,0.0059999823570251465
bridge,0.2,4,1,3,0.0912468284368515,0.005724876653403044,0.01648109027865503,0.0059999823570251465
bridge,0.2,4,1,4,0.08578424155712128,0.006061215419322252,0.02331353456192024,0.01399993896484375
bridge,0.2,4,1,5,0.09001241624355316,0.005703955888748169,0.018164396159684234,0.007999956607818604
bridge,0.2,4,2,0,0.04025791585445404,0.005676025524735451,0.020541059167605954,0.2799999713897705
bridge,0.2,4,2,1,0.03506440296769142,0.0062811425887048244,0.02981181195194446,0.26399993896484375
bridge,0.2,4,2,2,0.035353247076272964,0.006127585656940937,0.031073115586313985,0.28599995374679565
bridge,0.2,4,2,3,0.03509584441781044,0.005809762515127659,0.02631520948797203,0.31199997663497925
bridge,0.2,4,2,4,0.03351443260908127,0.005723362788558006,0.027658218123151532,0.2619999647140503
bridge,0.2,4,2,5,0.033365968614816666,0.006104412488639355,0.027911074894050567,0.2399999499320984
bridge,0.2,4,3,0,0.10527413338422775,0.008448958396911621,0.02341070190224108,0.0
bridge,0.2,4,3,1,0.08725093305110931,0.009988870471715927,0.04791867239552745,0.007999956607818604
bridge,0.2,4,3,2,0.08739446103572845,0.008734554052352905,0.030147929364845432,0.00999993085861206
bridge,0.2,4,3,3,0.09161873161792755,0.0088712302967906,0.03181541835264792,0.011999964714050293
bridge,0.2,4,3,4,0.08491382747888565,0.00880107656121254,0.033875034611126544,0.003999948501586914
bridge,0.2,4,3,5,0.088878333568573,0.009516021236777306,0.041589681854701264,0.007999956607818604
bridge,0.4,0,1,0,0.12448366731405258,0.006941584870219231,0.030915502053819578,0.007999956607818604
bridge,0.4,0,1,1,0.09421546012163162,0.006771653890609741,0.024764571132396968,0.001999974250793457
bridge,0.4,0,1,2,0.09088107198476791,0.006934376433491707,0.025516709268073548,0.01399993896484375
bridge,0.4,0,1,3,0.09136217087507248,0.007019145879894495,0.03056149453670917,0.0
bridge,0.4,0,1,4,0.08678393065929413,0.0069710081443190575,0.029521126890762344,0.001999974250793457
bridge,0.4,0,1,5,0.08103238046169281,0.006624292116612196,0.024155805168771843,0.007999956607818604
bridge,0.4,0,2,0,0.0785139873623848,0.008286204189062119,0.04703019782448313,0.1459999680519104
bridge,0.4,0,2,1,0.040766701102256775,0.010662376880645752,0.065580337264467,0.21399998664855957
bridge,0.4,0,2,2,0.03834879398345947,0.009993275627493858,0.06371620066115244,0.2239999771118164
bridge,0.4,0,2,3,0.03818034008145332,0.009973080828785896,0.06039291204554065,0.20999997854232788
bridge,0.4,0,2,4,0.0380469486117363,0.00954789761453867,0.05208338038821124,0.24199998378753662
bridge,0.4,0,2,5,0.03982215374708176,0.009598368778824806,0.06130524437763988,0.21999996900558472
bridge,0.4,0,3,0,0.1241958811879158,0.00881829485297203,0.03272272326677244,0.001999974250793457
bridge,0.4,0,3,1,0.08554992824792862,0.009441180154681206,0.039756009774568724,0.001999974250793457
bridge,0.4,0,3,2,0.08551446348428726,0.008745740167796612,0.030322262842648627,0.0
bridge,0.4,0,3,3,0.09186799824237823,0.008699171245098114,0.029951564178050994,0.003999948501586914
bridge,0.4,0,3,4,0.09038230776786804,0.009038496762514114,0.03580987477883017,0.0
bridge,0.4,0,3,5,0.08857695758342743,0.009339352138340473,0.03898664659879038,0.003999948501586914
bridge,0.4,1,1,0,0.12432128936052322,0.00655790138989687,0.017827090849449098,0.001999974250793457
bridge,0.4,1,1,1,0.08472318947315216,0.006953047122806311,0.02846913054893992,0.015999972820281982
bridge,0.4,1,1,2,0.08078303188085556,0.006670405622571707,0.02313716338006759,0.01799994707107544
bridge,0.4,1,1,3,0.08946934342384338,0.006933006923645735,0.027056497035057737,0.0059999823570251465
bridge,0.4,1,1,4,0.09033070504665375,0.006552283652126789,0.021879197463237937,0.0059999823570251465
bridge,0.4,1,1,5,0.08780771493911743,0.0064353980123996735,0.020998834618513373,0.0
bridge,0.4,1,2,0,0.07789690792560577,0.008737408556044102,0.05297894860954414,0.1239999532699585
bridge,0.4,1,2,1,0.03907867521047592,0.009951295331120491,0.06292505395653859,0.20799994468688965
bridge,0.4,1,2,2,0.03863580897450447,0.009203936904668808,0.057439131815044425,0.18799996376037598
bridge,0.4,1,2,3,0.03851820528507233,0.009031664580106735,0.050975209564256246,0.19599997997283936
bridge,0.4,1,2,4,0.038693126291036606,0.008791681379079819,0.056837184424967345,0.21199995279312134
bridge,0.4,1,2,5,0.036390699446201324,0.010104194283485413,0.06243699048563114,0.17799997329711914
bridge,0.4,1,3,0,0.12421633303165436,0.008734261617064476,0.030433496723388458,0.0
bridge,0.4,1,3,1,0.08657381683588028,0.008496241644024849,0.026316162255180006,0.003999948501586914
bridge,0.4,1,3,2,0.08491173386573792,0.009000822901725769,0.03202720604284632,0.003999948501586914
bridge,0.4,1,3,3,0.08412528038024902,0.008425474166870117,0.024932513759554895,0.003999948501586914
bridge,0.4,1,3,4,0.08600306510925293,0.008429893292486668,0.027694942176831324,0.00999993085861206
bridge,0.4,1,3,5,0.08845996856689453,0.009386962279677391,0.04194111524042276,0.00999993085861206
bridge,0.4,2,1,0,0.12365566194057465,0.00743547547608614,0.0338927468392877,0.0
bridge,0.4,2,1,1,0.08249969780445099,0.007992502301931381,0.04433808764858234,0.007999956607818604
bridge,0.4,2,1,2,0.08829610794782639,0.006846548989415169,0.02312439737612758,0.011999964714050293
bridge,0.4,2,1,3,0.0916273221373558,0.00659653777256608,0.020972696862023896,0.01399993896484375
bridge,0.4,2,1,4,0.08461456745862961,0.006980030797421932,0.030395488060362425,0.0059999823570251465
bridge,0.4,2,1,5,0.08520527184009552,0.0064586312510073185,0.01840347144676619,0.00999993085861206
bridge,0.4,2,2,0,0.07719577103853226,0.007270460948348045,0.031823390648844596,0.16599994897842407
bridge,0.4,2,2,1,0.04140545800328255,0.009657144546508789,0.060910771635721665,0.21999996900558472
bridge,0.4,2,2,2,0.04015585780143738,0.008920745924115181,0.0565088268868768,0.20399993658065796
bridge,0.4,2,2,3,0.03865031152963638,0.009126082062721252,0.05694409548565009,0.24799996614456177
bridge,0.4,2,2,4,0.03728187456727028,0.009128309786319733,0.05571328315837728,0.22599995136260986
bridge,0.4,2,2,5,0.03813457489013672,0.009511354379355907,0.055911450968792645,0.23399996757507324
bridge,0.4,2,3,0,0.12446938455104828,0.00865892507135868,0.029873447886330368,0.003999948501586914
bridge,0.4,2,3,1,0.0859958678483963,0.00839569978415966,0.025505234629057905,0.0
bridge,0.4,2,3,2,0.08538230508565903,0.008353693410754204,0.02334533230756612,0.003999948501586914
bridge,0.4,2,3,3,0.08349664509296417,0.008593481034040451,0.02818871131564012,0.0
bridge,0.4,2,3,4,0.08467971533536911,0.009948818013072014,0.046220281654847706,0.001999974250793457
bridge,0.4,2,3,5,0.08672372996807098,0.00807848758995533,0.020985546697360295,0.001999974250793457
bridge,0.4,3,1,0,0.12399018555879593,0.006800088565796614,0.027120036223868892,0.003999948501586914
bridge,0.4,3,1,1,0.08134016394615173,0.007240561302751303,0.03428961486567484,0.0059999823570251465
bridge,0.4,3,1,2,0.08622440695762634,0.0071045588701963425,0.030483051446877518,0.011999964714050293
bridge,0.4,3,1,3,0.08830588310956955,0.006626661401242018,0.021894286630327855,0.007999956607818604
bridge,0.4,3,1,4,0.08172507584095001,0.006840933114290237,0.026922416442014818,0.003999948501586914
bridge,0.4,3,1,5,0.07930931448936462,0.009546336717903614,0.05827733757537054,0.003999948501586914
bridge,0.4,3,2,0,0.07638111710548401,0.008119724690914154,0.04648880417340933,0.18599998950958252
bridge,0.4,3,2,1,0.03810904920101166,0.009101911447942257,0.05395225007250821,0.23199999332427979
bridge,0.4,3,2,2,0.03937168046832085,0.010972049087285995,0.07228505993030616,0.21399998664855957
bridge,0.4,3,2,3,0.040644727647304535,0.010552535764873028,0.06400757450183411,0.2459999918937683
bridge,0.4,3,2,4,0.040447790175676346,0.009040771052241325,0.05693357961895113,0.27399998903274536
bridge,0.4,3,2,5,0.03888911381363869,0.008609680458903313,0.051896872217489766,0.2459999918937683
bridge,0.4,3,3,0,0.12337024509906769,0.008717544376850128,0.028902617701044856,0.001999974250793457
bridge,0.4,3,3,1,0.08711189776659012,0.008904834277927876,0.03376288419725144,0.00999993085861206
bridge,0.4,3,3,2,0.08855931460857391,0.008927148766815662,0.03316869447341561,0.003999948501586914
bridge,0.4,3,3,3,0.08709508925676346,0.008458785712718964,0.027010952359187587,0.001999974250793457
bridge,0.4,3,3,4,0.08575382083654404,0.009474667720496655,0.03989720146287253,0.003999948501586914
bridge,0.4,3,3,5,0.08301239460706711,0.009507771581411362,0.04282221229784315,0.001999974250793457
bridge,0.4,4,1,0,0.1238173395395279,0.007250994443893433,0.030464922315058377,0.007999956607818604
bridge,0.4,4,1,1,0.08629784733057022,0.006399886682629585,0.019560408812916173,0.015999972820281982
bridge,0.4,4,1,2,0.09368725121021271,0.007273460738360882,0.03393686023497238,0.0059999823570251465
bridge,0.4,4,1,3,0.08994908630847931,0.006672398187220097,0.02514036096058828,0.0059999823570251465
bridge,0.4,4,1,4,0.08479919284582138,0.006904467940330505,0.029844321823837953,0.00999993085861206
bridge,0.4,4,1,5,0.08515524864196777,0.00679444894194603,0.027109017765083163,0.007999956607818604
bridge,0.4,4,2,0,0.07681304961442947,0.007162292487919331,0.03125212669994545,0.13799995183944702
bridge,0.4,4,2,1,0.03996250405907631,0.011391974985599518,0.07344204145580428,0.2059999704360962
bridge,0.4,4,2,2,0.03928873687982559,0.009856682270765305,0.061166670511272996,0.21599996089935303
bridge,0.4,4,2,3,0.03987988457083702,0.008342488668859005,0.046469367507180316,0.2539999485015869
bridge,0.4,4,2,4,0.03882605582475662,0.008350610733032227,0.05016846798283293,0.22599995136260986
bridge,0.4,4,2,5,0.04049556329846382,0.010787406004965305,0.0699275620600139,0.16399997472763062
bridge,0.4,4,3,0,0.1238410621881485,0.008463244885206223,0.025292893572826797,0.0
bridge,0.4,4,3,1,0.08963606506586075,0.008481498807668686,0.02616164739573657,0.007999956607818604
bridge,0.4,4,3,2,0.08610184490680695,0.010876523330807686,0.05558406625833237,0.0059999823570251465
bridge,0.4,4,3,3,0.08654278516769409,0.008410310372710228,0.024992771978362163,0.00999993085861206
bridge,0.4,4,3,4,0.08590349555015564,0.008327806368470192,0.02497677313291189,0.003999948501586914
bridge,0.4,4,3,5,0.09083995968103409,0.009154385887086391,0.03870901027635274,0.0
flow0,0.1,0,1,0,0.10073940455913544,0.003916076384484768,0.016095883010326793,0.00999993085861206
flow0,0.1,0,2,0,0.03091263584792614,0.003785635344684124,0.012970408867213139,0.4939999580383301
flow0,0.1,0,3,0,0.10075291246175766,0.0088956318795681,0.03285780743029302,0.0059999823570251465
flow0,0.1,1,1,0,0.10036476701498032,0.004193788394331932,0.01623326638496082,0.007999956607818604
flow0,0.1,1,2,0,0.03087599389255047,0.004781246650964022,0.029985910575472376,0.4399999976158142
flow0,0.1,1,3,0,0.1007736548781395,0.00898178294301033,0.034935479170710895,0.001999974250793457
flow0,0.1,2,1,0,0.10029703378677368,0.005066171288490295,0.028488041772037512,0.0
flow0,0.1,2,2,0,0.03083578497171402,0.004255577456206083,0.01898005393049767,0.5360000133514404
flow0,0.1,2,3,0,0.10063616931438446,0.009232748299837112,0.037064179498424894,0.00999993085861206
flow0,0.1,3,1,0,0.09999223053455353,0.0039249612018466,0.01076532616359675,0.015999972820281982
flow0,0.1,3,2,0,0.030691830441355705,0.004094903357326984,0.021215030376229734,0.5479999780654907
flow0,0.1,3,3,0,0.09992771595716476,0.009865048341453075,0.04490799353760395,0.003999948501586914
flow0,0.1,4,1,0,0.100338876247406,0.0040059383027255535,0.014700057034640926,0.00999993085861206
flow0,0.1,4,2,0,0.03085646592080593,0.004052771721035242,0.016734944803519808,0.5379999876022339
flow0,0.1,4,3,0,0.10045519471168518,0.00976543128490448,0.044151513407140575,0.0059999823570251465
flow0,0.2,0,1,0,0.10550795495510101,0.006259474437683821,0.02967572888221688,0.00999993085861206
flow0,0.2,0,2,0,0.04026520624756813,0.0061412714421749115,0.031185782807689758,0.2359999418258667
flow0,0.2,0,3,0,0.10551955550909042,0.008969628252089024,0.0342210755020042,0.003999948501586914
flow0,0.2,1,1,0,0.10514228045940399,0.005823164246976376,0.014955372276141908,0.007999956607818604
flow0,0.2,1,2,0,0.04028946906328201,0.007255028001964092,0.04282736480334533,0.2459999918937683
flow0,0.2,1,3,0,0.10555942356586456,0.008346930146217346,0.025240990871490142,0.0
flow0,0.2,2,1,0,0.10503263771533966,0.006455728784203529,0.027765086871904047,0.0
flow0,0.2,2,2,0,0.040220197290182114,0.00613953173160553,0.024893941195403214,0.2979999780654907
flow0,0.2,2,3,0,0.1054123044013977,0.008530257269740105,0.025869345048773296,0.0059999823570251465
flow0,0.2,3,1,0,0.10490620136260986,0.006116910837590694,0.02571455921800728,0.01399993896484375
flow0,0.2,3,2,0,0.04007037729024887,0.006229918450117111,0.031938232950586606,0.309999942779541
flow0,0.2,3,3,0,0.10466496646404266,0.009249748662114143,0.037467114519030294,0.001999974250793457
flow0,0.2,4,1,0,0.10511038452386856,0.005971078295260668,0.022546747790731812,0.007999956607818604
flow0,0.2,4,2,0,0.04025791585445404,0.005722715985029936,0.018581675842658633,0.26399993896484375
flow0,0.2,4,3,0,0.10527413338422775,0.010267887264490128,0.04938138341050937,0.0
flow0,0.4,0,1,0,0.12448366731405258,0.006941584870219231,0.030915502053819578,0.007999956607818604
flow0,0.4,0,2,0,0.0785139873623848,0.008366012945771217,0.04903399890246916,0.15999996662139893
flow0,0.4,0,3,0,0.1241958811879158,0.009150873869657516,0.03739105339634402,0.001999974250793457
flow0,0.4,1,1,0,0.12432128936052322,0.00655790138989687,0.017827090849449098,0.001999974250793457
flow0,0.4,1,2,0,0.07789690792560577,0.008583437651395798,0.04895581547989779,0.13399994373321533
flow0,0.4,1,3,0,0.12421633303165436,0.008445242419838905,0.026133193192184438,0.001999974250793457
flow0,0.4,2,1,0,0.12365566194057465,0.00743547547608614,0.0338927468392877,0.0
flow0,0.4,2,2,0,0.07719577103853226,0.007456853985786438,0.03440100580221717,0.1579999327659607
flow0,0.4,2,3,0,0.12446938455104828,0.008940977975726128,0.034056531370417656,0.003999948501586914
flow0,0.4,3,1,0,0.12399018555879593,0.006800088565796614,0.027120036223868892,0.003999948501586914
flow0,0.4,3,2,0,0.07638111710548401,0.007557098753750324,0.041097336556952926,0.19399994611740112
flow0,0.4,3,3,0,0.12337024509906769,0.009162485599517822,0.035631587347066444,0.001999974250793457
flow0,0.4,4,1,0,0.1238173395395279,0.007250994443893433,0.030464922315058377,0.007999956607818604
flow0,0.4,4,2,0,0.07681304961442947,0.006962482817471027,0.028387273759821655,0.14399993419647217
flow0,0.4,4,3,0,0.1238410621881485,0.009843113832175732,0.04528441568306112,0.001999974250793457
