kind,w,seed,skill,eps,w2,killed
bridge,0.1,0,1,0.003,0.021788182366413295,0.001999974250793457
bridge,0.1,0,1,0.01,0.012444438489433173,0.0059999823570251465
bridge,0.1,0,1,0.03,0.035391611331279264,0.10599994659423828
bridge,0.1,0,2,0.003,0.019740461785194785,0.3019999861717224
bridge,0.1,0,2,0.01,0.01778963906274837,0.5019999742507935
bridge,0.1,0,2,0.03,0.03221599912551594,0.7580000162124634
bridge,0.1,0,3,0.003,0.025622802775532607,0.0
bridge,0.1,0,3,0.01,0.03318093125611772,0.015999972820281982
bridge,0.1,0,3,0.03,0.03375162429741271,0.1239999532699585
bridge,0.1,1,1,0.003,0.019895379830547587,0.007999956607818604
bridge,0.1,1,1,0.01,0.015649235239143203,0.019999980926513672
bridge,0.1,1,1,0.03,0.022013773786962784,0.12999993562698364
bridge,0.1,1,2,0.003,0.013337673882778447,0.3359999656677246
bridge,0.1,1,2,0.01,0.019070464918611557,0.515999972820282
bridge,0.1,1,2,0.03,0.026175904227909868,0.7580000162124634
bridge,0.1,1,3,0.003,0.031337776425576745,0.001999974250793457
bridge,0.1,1,3,0.01,0.035352155576035944,0.0059999823570251465
bridge,0.1,1,3,0.03,0.02599751987975052,0.13799995183944702
bridge,0.1,2,1,0.003,0.019219435911333054,0.0
bridge,0.1,2,1,0.01,0.023177160665627524,0.003999948501586914
bridge,0.1,2,1,0.03,0.02614893844391425,0.11799997091293335
bridge,0.1,2,2,0.003,0.01790417378458803,0.28999996185302734
bridge,0.1,2,2,0.01,0.01658932002671259,0.5339999794960022
bridge,0.1,2,2,0.03,0.03443333637685601,0.7139999866485596
bridge,0.1,2,3,0.003,0.042190148081505834,0.0
bridge,0.1,2,3,0.01,0.031136768518672638,0.00999993085861206
bridge,0.1,2,3,0.03,0.03740288144001902,0.1239999532699585
bridge,0.1,3,1,0.003,0.02203722876507349,0.0
bridge,0.1,3,1,0.01,0.013838987189944123,0.0059999823570251465
bridge,0.1,3,1,0.03,0.02482367418433245,0.13199996948242188
bridge,0.1,3,2,0.003,0.023362075471550045,0.2979999780654907
bridge,0.1,3,2,0.01,0.01939026210742473,0.48799997568130493
bridge,0.1,3,2,0.03,0.03159359372860322,0.7259999513626099
bridge,0.1,3,3,0.003,0.05475013708679134,0.0
bridge,0.1,3,3,0.01,0.023319961912254005,0.00999993085861206
bridge,0.1,3,3,0.03,0.023326525388488433,0.13199996948242188
bridge,0.1,4,1,0.003,0.013429530471580757,0.0
bridge,0.1,4,1,0.01,0.017432025550240936,0.001999974250793457
bridge,0.1,4,1,0.03,0.028424528845738522,0.0979999303817749
bridge,0.1,4,2,0.003,0.014274454398031317,0.2579999566078186
bridge,0.1,4,2,0.01,0.019465342866157007,0.4699999690055847
bridge,0.1,4,2,0.03,0.029586338080832757,0.7599999904632568
bridge,0.1,4,3,0.003,0.03213055457793321,0.0
bridge,0.1,4,3,0.01,0.03156009998626699,0.003999948501586914
bridge,0.1,4,3,0.03,0.05305150471822757,0.0899999737739563
bridge,0.2,0,1,0.003,0.026150628526068104,0.00999993085861206
bridge,0.2,0,1,0.01,0.021141006083569554,0.00999993085861206
bridge,0.2,0,1,0.03,0.031132987858558756,0.08399993181228638
bridge,0.2,0,2,0.003,0.0248671492190837,0.25599998235702515
bridge,0.2,0,2,0.01,0.0256099297483263,0.2759999632835388
bridge,0.2,0,2,0.03,0.044533741077471475,0.4899999499320984
bridge,0.2,0,3,0.003,0.03814246180629044,0.0
bridge,0.2,0,3,0.01,0.03252889074518014,0.00999993085861206
bridge,0.2,0,3,0.03,0.03108236668333426,0.07799994945526123
bridge,0.2,1,1,0.003,0.032348936798555966,0.0
bridge,0.2,1,1,0.01,0.015969438765749806,0.023999929428100586
bridge,0.2,1,1,0.03,0.026544071287249026,0.04399996995925903
bridge,0.2,1,2,0.003,0.02455964923486569,0.24399995803833008
bridge,0.2,1,2,0.01,0.026118388033326622,0.2799999713897705
bridge,0.2,1,2,0.03,0.0393787879022817,0.4860000014305115
bridge,0.2,1,3,0.003,0.029458673379924367,0.001999974250793457
bridge,0.2,1,3,0.01,0.023956464394100742,0.003999948501586914
bridge,0.2,1,3,0.03,0.02684013474632485,0.08199995756149292
bridge,0.2,2,1,0.003,0.017064612905566216,0.0
bridge,0.2,2,1,0.01,0.013674873862806424,0.01399993896484375
bridge,0.2,2,1,0.03,0.022121207908566802,0.07999998331069946
bridge,0.2,2,2,0.003,0.02891179633919121,0.19399994611740112
bridge,0.2,2,2,0.01,0.029334808963938582,0.28999996185302734
bridge,0.2,2,2,0.03,0.038833927014831335,0.44999998807907104
bridge,0.2,2,3,0.003,0.04435897254883945,0.0
bridge,0.2,2,3,0.01,0.02516377327725061,0.003999948501586914
bridge,0.2,2,3,0.03,0.0412213837256149,0.07799994945526123
bridge,0.2,3,1,0.003,0.020890542097655437,0.003999948501586914
bridge,0.2,3,1,0.01,0.027677544903055885,0.01399993896484375
bridge,0.2,3,1,0.03,0.02076320500041388,0.07999998331069946
bridge,0.2,3,2,0.003,0.029753508622938452,0.21799993515014648
bridge,0.2,3,2,0.01,0.027025303661318608,0.2839999794960022
bridge,0.2,3,2,0.03,0.029881026060581954,0.45399999618530273
bridge,0.2,3,3,0.003,0.04494486157530674,0.0
bridge,0.2,3,3,0.01,0.045455263737800816,0.007999956607818604
bridge,0.2,3,3,0.03,0.02869850315544997,0.07799994945526123
bridge,0.2,4,1,0.003,0.01645825102845415,0.0
bridge,0.2,4,1,0.01,0.016816755053346937,0.007999956607818604
bridge,0.2,4,1,0.03,0.028432844755623875,0.055999934673309326
bridge,0.2,4,2,0.003,0.032217294965208663,0.21399998664855957
bridge,0.2,4,2,0.01,0.02589617268116045,0.2879999876022339
bridge,0.2,4,2,0.03,0.028732812098067172,0.48799997568130493
bridge,0.2,4,3,0.003,0.025654956483478406,0.001999974250793457
bridge,0.2,4,3,0.01,0.03573775866431564,0.001999974250793457
bridge,0.2,4,3,0.03,0.030273075444044846,0.07999998331069946
bridge,0.4,0,1,0.003,0.019362407485967435,0.0059999823570251465
bridge,0.4,0,1,0.01,0.028577131722482975,0.0
bridge,0.4,0,1,0.03,0.029062610962890485,0.04999995231628418
bridge,0.4,0,2,0.003,0.047599744126866954,0.21799993515014648
bridge,0.4,0,2,0.01,0.05114080581969761,0.22199994325637817
bridge,0.4,0,2,0.03,0.05430164520458173,0.28199994564056396
bridge,0.4,0,3,0.003,0.03158663805259963,0.001999974250793457
bridge,0.4,0,3,0.01,0.038810522796783535,0.003999948501586914
bridge,0.4,0,3,0.03,0.0411350716581048,0.05199992656707764
bridge,0.4,1,1,0.003,0.02912961947188389,0.0
bridge,0.4,1,1,0.01,0.01710634283044591,0.003999948501586914
bridge,0.4,1,1,0.03,0.03658645450787107,0.02599996328353882
bridge,0.4,1,2,0.003,0.0557989928070791,0.23799997568130493
bridge,0.4,1,2,0.01,0.05914170329986638,0.25999999046325684
bridge,0.4,1,2,0.03,0.046166186251714335,0.25599998235702515
bridge,0.4,1,3,0.003,0.046298467247575435,0.0
bridge,0.4,1,3,0.01,0.034113532090316374,0.003999948501586914
bridge,0.4,1,3,0.03,0.027201845513462223,0.039999961853027344
bridge,0.4,2,1,0.003,0.020087473908874276,0.0
bridge,0.4,2,1,0.01,0.020999989629567364,0.011999964714050293
bridge,0.4,2,1,0.03,0.024330383104411237,0.05799996852874756
bridge,0.4,2,2,0.003,0.050843460154728015,0.20999997854232788
bridge,0.4,2,2,0.01,0.055935453061617076,0.26799994707107544
bridge,0.4,2,2,0.03,0.0479015519483398,0.32399994134902954
bridge,0.4,2,3,0.003,0.02977482906755115,0.0
bridge,0.4,2,3,0.01,0.022035850576012192,0.003999948501586914
bridge,0.4,2,3,0.03,0.026823138990823364,0.03799992799758911
bridge,0.4,3,1,0.003,0.044364849536421835,0.0
bridge,0.4,3,1,0.01,0.0316673910848683,0.001999974250793457
bridge,0.4,3,1,0.03,0.03614566394196818,0.027999937534332275
bridge,0.4,3,2,0.003,0.0654839695989086,0.20999997854232788
bridge,0.4,3,2,0.01,0.05532735099848134,0.22999995946884155
bridge,0.4,3,2,0.03,0.06112873984134194,0.2359999418258667
bridge,0.4,3,3,0.003,0.030066007259939975,0.0
bridge,0.4,3,3,0.01,0.044398277089204914,0.00999993085861206
bridge,0.4,3,3,0.03,0.03581840195594168,0.031999945640563965
bridge,0.4,4,1,0.003,0.02846106820201183,0.0
bridge,0.4,4,1,0.01,0.02067717729393655,0.003999948501586914
bridge,0.4,4,1,0.03,0.0441512012162154,0.031999945640563965
bridge,0.4,4,2,0.003,0.058743923898135444,0.2279999852180481
bridge,0.4,4,2,0.01,0.054992005334136444,0.19399994611740112
bridge,0.4,4,2,0.03,0.051985178035613776,0.2459999918937683
bridge,0.4,4,3,0.003,0.039496666794921975,0.0
bridge,0.4,4,3,0.01,0.032612466397436,0.0
bridge,0.4,4,3,0.03,0.04036761321648626,0.03799992799758911
flow0,0.1,0,1,0.003,0.017298373372894683,0.007999956607818604
flow0,0.1,0,1,0.01,0.013704356122827518,0.01399993896484375
flow0,0.1,0,1,0.03,0.037542747067897966,0.15999996662139893
flow0,0.1,0,2,0.003,0.01413083068908959,0.3019999861717224
flow0,0.1,0,2,0.01,0.017998309554318588,0.527999997138977
flow0,0.1,0,2,0.03,0.030968072698984463,0.7400000095367432
flow0,0.1,0,3,0.003,0.02488722280191376,0.0
flow0,0.1,0,3,0.01,0.034301897249079144,0.015999972820281982
flow0,0.1,0,3,0.03,0.040175364788141675,0.12599998712539673
flow0,0.1,1,1,0.003,0.020693626396574467,0.003999948501586914
flow0,0.1,1,1,0.01,0.018144625668673534,0.029999971389770508
flow0,0.1,1,1,0.03,0.02494758927734323,0.10399997234344482
flow0,0.1,1,2,0.003,0.0136783421723234,0.29399996995925903
flow0,0.1,1,2,0.01,0.0333352895799237,0.4860000014305115
flow0,0.1,1,2,0.03,0.033429684311624255,0.7580000162124634
flow0,0.1,1,3,0.003,0.058070841983825026,0.0
flow0,0.1,1,3,0.01,0.03039037731853579,0.0059999823570251465
flow0,0.1,1,3,0.03,0.03639449325310397,0.13799995183944702
flow0,0.1,2,1,0.003,0.02908534786908396,0.0
flow0,0.1,2,1,0.01,0.02710711226697205,0.0059999823570251465
flow0,0.1,2,1,0.03,0.022542373050775624,0.13199996948242188
flow0,0.1,2,2,0.003,0.015586775284448665,0.26799994707107544
flow0,0.1,2,2,0.01,0.020531874100247236,0.5199999809265137
flow0,0.1,2,2,0.03,0.04145529867209267,0.7179999947547913
flow0,0.1,2,3,0.003,0.028949962261241458,0.0
flow0,0.1,2,3,0.01,0.04597744201490552,0.0059999823570251465
flow0,0.1,2,3,0.03,0.02583124363483967,0.13999998569488525
flow0,0.1,3,1,0.003,0.03457500154311977,0.0
flow0,0.1,3,1,0.01,0.010645298553060397,0.011999964714050293
flow0,0.1,3,1,0.03,0.02436501333743751,0.09199994802474976
flow0,0.1,3,2,0.003,0.018254893580797866,0.27399998903274536
flow0,0.1,3,2,0.01,0.01911365509961068,0.49799996614456177
flow0,0.1,3,2,0.03,0.0367573316956979,0.699999988079071
flow0,0.1,3,3,0.003,0.03296759837153144,0.0
flow0,0.1,3,3,0.01,0.03875659971612969,0.007999956607818604
flow0,0.1,3,3,0.03,0.036876241352415656,0.13399994373321533
flow0,0.1,4,1,0.003,0.01764243712705994,0.0
flow0,0.1,4,1,0.01,0.016323752906210746,0.0059999823570251465
flow0,0.1,4,1,0.03,0.0308971565475206,0.1199999451637268
flow0,0.1,4,2,0.003,0.025970820898585757,0.2779999375343323
flow0,0.1,4,2,0.01,0.012120624404940555,0.4899999499320984
flow0,0.1,4,2,0.03,0.034151799853913804,0.777999997138977
flow0,0.1,4,3,0.003,0.04522527447394151,0.001999974250793457
flow0,0.1,4,3,0.01,0.04866617983961755,0.007999956607818604
flow0,0.1,4,3,0.03,0.03777497801189772,0.13199996948242188
flow0,0.2,0,1,0.003,0.018502189199558216,0.007999956607818604
flow0,0.2,0,1,0.01,0.02308006406134682,0.0059999823570251465
flow0,0.2,0,1,0.03,0.04107834536805173,0.0979999303817749
flow0,0.2,0,2,0.003,0.02105007480458941,0.13799995183944702
flow0,0.2,0,2,0.01,0.02322741460923919,0.23799997568130493
flow0,0.2,0,2,0.03,0.03250182194266093,0.4699999690055847
flow0,0.2,0,3,0.003,0.027083986392828007,0.0
flow0,0.2,0,3,0.01,0.03585648190077413,0.011999964714050293
flow0,0.2,0,3,0.03,0.03636137747288204,0.06599998474121094
flow0,0.2,1,1,0.003,0.019417224616705996,0.003999948501586914
flow0,0.2,1,1,0.01,0.016170547802265182,0.023999929428100586
flow0,0.2,1,1,0.03,0.028295673383432602,0.06199997663497925
flow0,0.2,1,2,0.003,0.018793554723008088,0.17199993133544922
flow0,0.2,1,2,0.01,0.04162746441206955,0.26399993896484375
flow0,0.2,1,2,0.03,0.030084278644070383,0.5059999823570251
flow0,0.2,1,3,0.003,0.04309930520956372,0.0
flow0,0.2,1,3,0.01,0.02206013983259803,0.003999948501586914
flow0,0.2,1,3,0.03,0.033637726680974214,0.08799993991851807
flow0,0.2,2,1,0.003,0.03292261235445188,0.0
flow0,0.2,2,1,0.01,0.02822574233643382,0.001999974250793457
flow0,0.2,2,1,0.03,0.02799837508898337,0.10199993848800659
flow0,0.2,2,2,0.003,0.03184042580389961,0.1499999761581421
flow0,0.2,2,2,0.01,0.029218661553570554,0.2979999780654907
flow0,0.2,2,2,0.03,0.044946430215100225,0.45399999618530273
flow0,0.2,2,3,0.003,0.036601122205458414,0.0
flow0,0.2,2,3,0.01,0.025708309263014397,0.003999948501586914
flow0,0.2,2,3,0.03,0.027732747708969607,0.07399994134902954
flow0,0.2,3,1,0.003,0.0270307224573407,0.0
flow0,0.2,3,1,0.01,0.0258698937047876,0.011999964714050293
flow0,0.2,3,1,0.03,0.026057819076460154,0.06999993324279785
flow0,0.2,3,2,0.003,0.03099720445461796,0.16399997472763062
flow0,0.2,3,2,0.01,0.031081813708607086,0.21799993515014648
flow0,0.2,3,2,0.03,0.03479609899752123,0.4359999895095825
flow0,0.2,3,3,0.003,0.030158601442134444,0.0
flow0,0.2,3,3,0.01,0.03261718042741355,0.0059999823570251465
flow0,0.2,3,3,0.03,0.03546730399924553,0.07399994134902954
flow0,0.2,4,1,0.003,0.020240426763618154,0.003999948501586914
flow0,0.2,4,1,0.01,0.026888855886586807,0.0059999823570251465
flow0,0.2,4,1,0.03,0.026622333620100393,0.07399994134902954
flow0,0.2,4,2,0.003,0.0358859839399941,0.17399996519088745
flow0,0.2,4,2,0.01,0.021033685638375745,0.2539999485015869
flow0,0.2,4,2,0.03,0.029624825542725997,0.5
flow0,0.2,4,3,0.003,0.0742127302461909,0.0
flow0,0.2,4,3,0.01,0.053489076256958035,0.001999974250793457
flow0,0.2,4,3,0.03,0.029146837139397388,0.09399998188018799
flow0,0.4,0,1,0.003,0.03209199248106357,0.0059999823570251465
flow0,0.4,0,1,0.01,0.027228287317752845,0.0059999823570251465
flow0,0.4,0,1,0.03,0.0361640794443377,0.04999995231628418
flow0,0.4,0,2,0.003,0.028556222786674825,0.10399997234344482
flow0,0.4,0,2,0.01,0.038138535369570424,0.11799997091293335
flow0,0.4,0,2,0.03,0.04247849362875548,0.25599998235702515
flow0,0.4,0,3,0.003,0.037801233537212695,0.001999974250793457
flow0,0.4,0,3,0.01,0.0395415728860748,0.003999948501586914
flow0,0.4,0,3,0.03,0.03706256989390516,0.0339999794960022
flow0,0.4,1,1,0.003,0.026134144386549495,0.001999974250793457
flow0,0.4,1,1,0.01,0.020559000044321072,0.01799994707107544
flow0,0.4,1,1,0.03,0.028876278527005753,0.03799992799758911
flow0,0.4,1,2,0.003,0.043327039634095614,0.13199996948242188
flow0,0.4,1,2,0.01,0.04965371210161081,0.13799995183944702
flow0,0.4,1,2,0.03,0.04403999188629249,0.2239999771118164
flow0,0.4,1,3,0.003,0.030574196233908165,0.0
flow0,0.4,1,3,0.01,0.02642154208252358,0.003999948501586914
flow0,0.4,1,3,0.03,0.037544762403888016,0.04399996995925903
flow0,0.4,2,1,0.003,0.029991081688030972,0.0
flow0,0.4,2,1,0.01,0.027136556794855708,0.0
flow0,0.4,2,1,0.03,0.030652240848422475,0.031999945640563965
flow0,0.4,2,2,0.003,0.04427169098993908,0.10399997234344482
flow0,0.4,2,2,0.01,0.035183941585733305,0.1579999327659607
flow0,0.4,2,2,0.03,0.04309190589402728,0.25199997425079346
flow0,0.4,2,3,0.003,0.041309970462666254,0.0
flow0,0.4,2,3,0.01,0.02624265908981326,0.003999948501586914
flow0,0.4,2,3,0.03,0.025906860057265182,0.035999953746795654
flow0,0.4,3,1,0.003,0.03287849786076921,0.0
flow0,0.4,3,1,0.01,0.024329517663894473,0.003999948501586914
flow0,0.4,3,1,0.03,0.03210169954074614,0.023999929428100586
flow0,0.4,3,2,0.003,0.04958949030355558,0.10999995470046997
flow0,0.4,3,2,0.01,0.045562863792755266,0.1499999761581421
flow0,0.4,3,2,0.03,0.040277799770801724,0.2359999418258667
flow0,0.4,3,3,0.003,0.048287609506827874,0.0
flow0,0.4,3,3,0.01,0.032173087729380864,0.003999948501586914
flow0,0.4,3,3,0.03,0.03200732115243437,0.031999945640563965
flow0,0.4,4,1,0.003,0.037982377463929316,0.0
flow0,0.4,4,1,0.01,0.033051769858420114,0.001999974250793457
flow0,0.4,4,1,0.03,0.03861498225437395,0.031999945640563965
flow0,0.4,4,2,0.003,0.05635334730104099,0.11199992895126343
flow0,0.4,4,2,0.01,0.03709557238645983,0.16199994087219238
flow0,0.4,4,2,0.03,0.0486934922386507,0.2279999852180481
flow0,0.4,4,3,0.003,0.05981906769967982,0.0
flow0,0.4,4,3,0.01,0.04759043567877045,0.003999948501586914
flow0,0.4,4,3,0.03,0.03227224038351953,0.05199992656707764
